,Area,Bedrooms,Bathrooms,Floors,YearBuilt,Location,Condition,Garage
0,1360.0,5,4,3,1970,Downtown,Excellent,No
1,4272.0,5,4,3,1958,Downtown,Excellent,No
2,3592.0,2,2,3,1938,Downtown,Good,No
3,966.0,4,2,2,1902,Suburban,Fair,Yes
4,4926.0,1,4,2,1975,Downtown,Fair,Yes
5,3944.0,1,2,1,1906,Urban,Poor,No
6,3671.0,1,1,2,1948,Rural,Poor,Yes
7,3419.0,2,4,1,1925,Suburban,Good,Yes
8,630.0,2,2,1,1932,Rural,Poor,Yes
9,,3,3,1,2000,Downtown,Poor,No
10,1269.0,1,4,2,1947,Suburban,Poor,Yes
11,2891.0,4,4,3,1978,Urban,Excellent,Yes
12,2933.0,4,3,2,1901,Downtown,Poor,No
13,1684.0,1,1,1,2004,Rural,Good,No
14,3885.0,1,3,1,1970,Urban,Fair,Yes
15,4617.0,1,4,2,1931,Downtown,Poor,No
16,3404.0,2,1,1,1903,Urban,Fair,Yes
17,974.0,2,2,1,1919,Downtown,Poor,Yes
18,,2,2,2,2013,Suburban,Good,No
19,3058.0,5,2,2,2016,Downtown,Excellent,No
20,2547.0,4,4,2,1935,Suburban,Good,Yes
21,3247.0,4,3,1,1931,Downtown,Excellent,No
22,1475.0,3,1,1,1927,Downtown,Poor,No
23,2306.0,2,2,3,1976,Rural,Poor,Yes
24,689.0,5,1,3,1900,Urban,Excellent,Yes
25,3234.0,5,4,2,1959,Urban,Good,Yes
26,3505.0,4,2,3,1955,Urban,Good,Yes
27,2399.0,2,4,1,1934,Downtown,Excellent,Yes
28,1767.0,3,3,3,2011,Downtown,Poor,Yes
29,2028.0,2,4,1,1929,Downtown,Excellent,No
30,3702.0,1,4,2,1953,Suburban,Poor,No
31,4056.0,2,3,2,1935,Suburban,Excellent,Yes
32,4390.0,1,1,1,2020,Rural,Poor,No
33,1146.0,1,3,3,1954,Downtown,Excellent,No
34,3388.0,3,3,2,1988,Urban,Fair,Yes
35,2935.0,4,4,2,1979,Urban,Poor,No
36,1100.0,2,1,3,1957,Rural,Good,No
37,2863.0,1,2,3,1982,Urban,Excellent,Yes
38,2561.0,2,3,1,1964,Rural,Good,No
39,741.0,4,1,3,1968,Downtown,Excellent,No
40,2541.0,4,3,3,1950,Urban,Good,Yes
41,3324.0,5,3,3,1921,Downtown,Good,No
42,3112.0,4,3,1,1987,Suburban,Excellent,No
43,1863.0,3,3,1,2006,Urban,Excellent,No
44,1978.0,1,4,2,2008,Suburban,Good,Yes
45,3056.0,5,1,1,2015,Urban,Good,Yes
46,1275.0,3,1,2,2000,Downtown,Good,No
47,4514.0,2,1,3,1952,Rural,Poor,No
48,534.0,1,3,2,1999,Downtown,Poor,Yes
49,3652.0,4,4,2,1935,Downtown,Fair,Yes
50,2455.0,1,3,3,1967,Downtown,Poor,No
51,2085.0,2,3,2,1935,Urban,Poor,Yes
52,4443.0,5,1,1,1951,Rural,Excellent,No
53,3573.0,5,3,1,1952,Suburban,Fair,No
54,1521.0,5,2,1,1981,Downtown,Fair,Yes
55,3961.0,4,3,1,1949,Urban,Poor,Yes
56,3113.0,3,2,2,1979,Suburban,Excellent,No
57,4343.0,3,3,2,1940,Downtown,Excellent,No
58,2000.0,1,4,3,1917,Suburban,Fair,Yes
59,661.0,4,4,2,1921,Downtown,Excellent,No
60,4797.0,5,1,2,1965,Suburban,Good,Yes
61,2481.0,5,3,2,1920,Suburban,Poor,Yes
62,1495.0,2,2,3,1999,Rural,Good,Yes
63,3842.0,2,2,1,1943,Rural,Fair,Yes
64,4298.0,5,3,2,2002,Downtown,Fair,Yes
65,1775.0,5,2,3,1946,Urban,Excellent,No
66,1516.0,4,4,3,1938,Rural,Excellent,Yes
67,837.0,3,2,3,1928,Suburban,Fair,Yes
68,1378.0,2,1,1,1953,Rural,Fair,Yes
69,1576.0,3,4,2,1989,Rural,Good,Yes
70,4493.0,4,4,3,1984,Downtown,Good,Yes
71,879.0,5,4,1,1916,Rural,Excellent,Yes
72,992.0,3,3,3,1979,Rural,Good,Yes
73,2562.0,5,3,3,1959,Suburban,Excellent,No
74,4384.0,5,4,3,1930,Rural,Excellent,No
75,564.0,1,3,3,2014,Suburban,Poor,No
76,3068.0,3,2,3,1972,Rural,Excellent,No
77,2527.0,3,3,1,1994,Rural,Good,Yes
78,3195.0,5,3,2,1977,Urban,Fair,No
79,1995.0,4,4,2,1948,Rural,Fair,Yes
80,891.0,1,1,2,2000,Suburban,Good,No
81,4974.0,5,1,2,1901,Suburban,Fair,No
82,4061.0,2,1,1,2015,Downtown,Excellent,Yes
83,2778.0,2,2,1,1947,Downtown,Fair,Yes
84,3599.0,1,3,1,2009,Urban,Good,No
85,700.0,4,1,3,1913,Suburban,Fair,No
86,3604.0,5,4,3,1958,Suburban,Excellent,No
87,2954.0,3,1,3,1996,Suburban,Excellent,No
88,4145.0,1,1,2,1998,Urban,Good,Yes
89,1304.0,4,3,3,1957,Suburban,Good,No
90,3231.0,3,3,2,2002,Downtown,Good,No
91,3273.0,2,3,3,1957,Urban,Poor,No
92,2070.0,2,2,2,2010,Downtown,Poor,No
93,3190.0,3,2,3,1950,Downtown,Excellent,No
94,4340.0,1,1,3,1983,Urban,Poor,Yes
95,1528.0,2,3,1,1901,Rural,Poor,Yes
96,1002.0,5,1,3,2014,Rural,Fair,Yes
97,4993.0,3,4,3,1940,Downtown,Poor,Yes
98,1370.0,3,4,1,1982,Rural,Fair,Yes
99,4988.0,2,3,2,2022,Suburban,Good,No
100,706.0,1,3,1,2000,Urban,Fair,Yes
101,1984.0,5,4,1,1981,Downtown,Fair,Yes
102,1363.0,1,3,2,1915,Suburban,Good,No
103,3290.0,4,2,3,1903,Rural,Good,Yes
104,1063.0,4,2,2,1911,Suburban,Excellent,Yes
105,4691.0,2,3,3,1928,Rural,Excellent,Yes
106,2257.0,2,4,3,1906,Downtown,Excellent,Yes
107,2178.0,2,1,2,1913,Suburban,Excellent,No
108,3742.0,4,3,1,2018,Urban,Fair,No
109,1559.0,1,3,2,1911,Downtown,Fair,Yes
110,2222.0,1,1,3,1998,Suburban,Excellent,No
111,3814.0,2,3,2,1904,Suburban,Poor,Yes
112,3657.0,5,1,2,1980,Rural,Excellent,No
113,3125.0,1,4,3,2021,Downtown,Poor,No
114,3229.0,4,2,1,2005,Downtown,Good,No
115,2097.0,3,4,2,1931,Downtown,Fair,No
116,3560.0,3,2,3,1973,Downtown,Fair,No
117,3193.0,3,1,3,1942,Rural,Poor,No
118,4127.0,5,2,2,1980,Urban,Excellent,No
119,1863.0,2,4,1,1968,Downtown,Fair,No
120,2481.0,4,2,2,1944,Rural,Poor,No
121,2163.0,5,1,1,2005,Urban,Good,No
122,2029.0,4,2,1,1908,Urban,Good,No
123,2538.0,4,3,1,1948,Rural,Fair,Yes
124,3802.0,2,4,1,1932,Downtown,Excellent,No
125,2737.0,3,3,2,1999,Urban,Poor,Yes
126,1806.0,2,1,3,1999,Downtown,Fair,No
127,4529.0,5,2,3,1917,Downtown,Good,Yes
128,3175.0,5,3,3,1908,Suburban,Excellent,Yes
129,1782.0,5,3,3,1961,Downtown,Poor,Yes
130,1209.0,2,2,3,1956,Suburban,Fair,No
131,4913.0,4,2,3,1928,Urban,Poor,No
132,4248.0,4,4,2,2013,Rural,Excellent,No
133,1163.0,1,3,1,1977,Suburban,Excellent,No
134,2498.0,5,3,3,1924,Rural,Good,Yes
135,3945.0,4,1,2,1914,Urban,Excellent,No
136,4243.0,1,4,3,1905,Downtown,Fair,No
137,1995.0,4,1,3,2019,Urban,Poor,No
138,3804.0,5,3,1,1941,Rural,Excellent,No
139,4263.0,3,1,1,1928,Urban,Excellent,No
140,2353.0,5,3,1,1978,Downtown,Fair,No
141,1791.0,2,3,3,1992,Urban,Poor,No
142,4081.0,4,1,3,1903,Downtown,Poor,No
143,3957.0,4,1,3,1981,Suburban,Good,Yes
144,2136.0,2,2,1,2013,Rural,Good,Yes
145,4196.0,2,2,2,1956,Downtown,Poor,No
146,3499.0,3,2,3,1948,Downtown,Fair,No
147,3652.0,4,3,3,1943,Urban,Fair,No
148,1198.0,4,1,3,2002,Suburban,Good,No
149,2660.0,3,4,2,1979,Downtown,Excellent,Yes
150,4597.0,1,3,3,1974,Suburban,Fair,Yes
151,1354.0,3,4,2,1913,Suburban,Excellent,No
152,3974.0,5,1,3,1902,Urban,Fair,Yes
153,2207.0,4,3,2,2014,Downtown,Poor,Yes
154,3277.0,2,4,3,2013,Urban,Good,No
155,2233.0,5,4,1,1961,Rural,Excellent,No
156,4010.0,4,2,1,2005,Rural,Excellent,No
157,702.0,3,2,1,1963,Downtown,Poor,Yes
158,3755.0,5,2,1,2001,Suburban,Fair,Yes
159,4718.0,4,3,3,1944,Downtown,Excellent,No
160,4996.0,1,1,1,2005,Downtown,Fair,No
161,1266.0,1,1,2,1981,Rural,Poor,Yes
162,4889.0,2,2,1,1957,Rural,Good,Yes
163,2827.0,4,2,1,1919,Suburban,Excellent,No
164,3431.0,1,2,1,1957,Suburban,Fair,Yes
165,697.0,3,4,3,2011,Downtown,Excellent,No
166,2430.0,4,2,1,1988,Urban,Fair,No
167,4082.0,3,4,2,1956,Downtown,Fair,Yes
168,1108.0,3,1,1,2001,Suburban,Fair,Yes
169,3772.0,1,3,1,1976,Urban,Poor,Yes
170,1647.0,4,3,1,1967,Rural,Good,No
171,4782.0,5,3,2,2018,Suburban,Excellent,No
172,3897.0,1,3,1,1977,Suburban,Good,No
173,3011.0,1,4,2,1996,Urban,Fair,No
174,2294.0,4,4,2,1991,Suburban,Fair,No
175,1159.0,4,2,1,1951,Suburban,Good,No
176,3311.0,3,4,2,1936,Suburban,Good,Yes
177,1869.0,4,2,3,1907,Suburban,Excellent,No
178,2486.0,3,2,1,1943,Suburban,Fair,No
179,646.0,1,3,1,1997,Suburban,Good,No
180,3719.0,2,4,2,2007,Suburban,Poor,No
181,3411.0,5,4,2,1904,Suburban,Fair,Yes
182,2234.0,1,2,1,2017,Rural,Fair,No
183,2343.0,4,2,3,1968,Suburban,Excellent,Yes
184,988.0,5,1,2,1930,Rural,Poor,Yes
185,3476.0,2,1,2,1944,Rural,Excellent,No
186,2459.0,2,2,3,1908,Downtown,Poor,No
187,2885.0,3,1,3,2005,Downtown,Excellent,Yes
188,3419.0,5,1,1,1931,Rural,Poor,Yes
189,2302.0,3,2,3,1932,Rural,Poor,No
190,4561.0,1,2,1,1966,Suburban,Poor,Yes
191,3869.0,5,4,3,1929,Downtown,Good,No
192,762.0,1,2,2,2013,Urban,Fair,No
193,1123.0,3,2,1,1975,Downtown,Poor,Yes
194,1516.0,5,3,1,1928,Rural,Good,No
195,4143.0,3,4,1,1902,Rural,Good,No
196,2549.0,5,4,3,1989,Suburban,Excellent,No
197,4223.0,3,4,2,1956,Suburban,Fair,Yes
198,3608.0,2,3,1,1929,Downtown,Fair,Yes
199,4590.0,3,2,1,1908,Suburban,Excellent,Yes
200,2556.0,2,4,1,1925,Urban,Fair,No
201,3670.0,3,4,1,1901,Urban,Excellent,Yes
202,2182.0,5,1,2,1961,Suburban,Good,Yes
203,2755.0,5,4,3,1902,Urban,Good,Yes
204,1654.0,5,2,2,1945,Urban,Poor,No
205,4999.0,4,2,1,1967,Downtown,Excellent,No
206,3691.0,1,1,2,1924,Urban,Good,Yes
207,2196.0,5,4,1,1950,Rural,Good,Yes
208,4491.0,2,4,3,1912,Rural,Excellent,Yes
209,2148.0,5,4,3,2002,Downtown,Good,No
210,1945.0,4,3,3,1943,Suburban,Fair,Yes
211,4699.0,2,4,1,1934,Downtown,Good,No
212,4423.0,4,2,2,1954,Suburban,Excellent,No
213,753.0,2,2,3,1986,Suburban,Fair,No
214,3683.0,3,3,1,1908,Suburban,Fair,Yes
215,3057.0,1,3,1,1901,Suburban,Good,Yes
216,598.0,1,4,2,1960,Suburban,Poor,No
217,2700.0,4,1,3,2017,Downtown,Fair,No
218,3461.0,1,3,1,1940,Suburban,Excellent,No
219,4933.0,4,3,2,1943,Urban,Poor,No
220,4277.0,4,4,3,1963,Urban,Poor,Yes
221,3369.0,4,4,2,1930,Suburban,Fair,Yes
222,3734.0,1,3,2,2007,Urban,Good,No
223,4291.0,4,1,1,1946,Rural,Poor,No
224,1456.0,1,3,1,1901,Downtown,Good,No
225,4567.0,4,4,1,1995,Downtown,Fair,Yes
226,660.0,5,4,2,1981,Suburban,Excellent,No
227,4993.0,4,3,1,1976,Suburban,Poor,Yes
228,1800.0,2,1,2,2009,Rural,Excellent,No
229,4487.0,4,3,2,1968,Suburban,Good,Yes
230,2027.0,3,3,1,1957,Urban,Good,Yes
231,1718.0,4,4,3,2005,Rural,Excellent,No
232,4996.0,2,1,3,1943,Urban,Fair,Yes
233,3604.0,2,2,3,1973,Downtown,Fair,Yes
234,3235.0,1,1,2,1955,Urban,Poor,Yes
235,1454.0,5,3,2,1942,Downtown,Poor,Yes
236,3946.0,4,3,2,1988,Urban,Fair,No
237,1545.0,1,3,1,1933,Downtown,Fair,No
238,2193.0,5,1,2,2000,Suburban,Excellent,No
239,3936.0,4,4,1,1929,Urban,Good,No
240,1062.0,3,3,1,1970,Downtown,Good,No
241,2985.0,4,3,3,1969,Urban,Poor,Yes
242,3854.0,2,1,3,2017,Rural,Fair,Yes
243,725.0,2,2,3,1954,Suburban,Excellent,Yes
244,1459.0,3,2,1,1966,Downtown,Poor,Yes
245,3567.0,1,4,1,1912,Rural,Excellent,No
246,1315.0,5,4,1,1902,Urban,Fair,No
247,3620.0,4,3,2,1925,Rural,Fair,Yes
248,516.0,2,1,1,1956,Urban,Fair,No
249,1743.0,1,3,3,1923,Suburban,Good,Yes
250,2705.0,3,4,3,1952,Rural,Fair,Yes
251,3024.0,2,1,1,1969,Suburban,Poor,No
252,1569.0,3,1,1,1942,Downtown,Good,No
253,3944.0,4,4,3,1959,Urban,Excellent,No
254,3065.0,5,2,1,1957,Urban,Poor,No
255,1560.0,2,2,3,1948,Suburban,Poor,No
256,2827.0,2,1,2,1941,Suburban,Excellent,No
257,3920.0,4,3,3,1975,Downtown,Good,No
258,801.0,1,2,2,2012,Rural,Poor,Yes
259,4776.0,5,3,1,1999,Urban,Poor,No
260,1106.0,2,2,1,1965,Urban,Poor,Yes
261,3670.0,5,2,2,1910,Downtown,Good,Yes
262,1199.0,2,3,1,2002,Downtown,Good,No
263,1639.0,5,4,2,1997,Suburban,Good,Yes
264,690.0,3,2,1,1989,Suburban,Poor,No
265,2800.0,2,2,3,1917,Rural,Fair,Yes
266,1480.0,5,3,1,1984,Downtown,Excellent,Yes
267,3475.0,1,4,3,1999,Rural,Fair,Yes
268,1684.0,3,2,3,2003,Downtown,Good,No
269,3827.0,3,2,2,1951,Urban,Poor,Yes
270,3894.0,1,4,1,1945,Downtown,Poor,Yes
271,627.0,5,2,2,1943,Downtown,Fair,Yes
272,2565.0,4,4,1,1921,Urban,Fair,No
273,2316.0,1,4,3,1952,Downtown,Excellent,Yes
274,1069.0,5,3,3,1958,Rural,Poor,No
275,2395.0,1,1,1,1993,Suburban,Fair,Yes
276,3233.0,1,4,1,2013,Suburban,Excellent,Yes
277,4363.0,2,3,2,2006,Rural,Good,Yes
278,4514.0,5,1,1,2023,Urban,Fair,No
279,3401.0,4,2,1,1929,Downtown,Good,Yes
280,2186.0,2,1,1,1907,Rural,Excellent,Yes
281,3509.0,1,4,2,1997,Suburban,Good,Yes
282,654.0,1,4,1,1956,Suburban,Poor,Yes
283,3037.0,1,4,3,2010,Rural,Poor,No
284,1909.0,5,4,2,1972,Suburban,Good,Yes
285,4557.0,5,4,2,2014,Rural,Poor,Yes
286,1284.0,2,3,3,1919,Suburban,Excellent,Yes
287,3675.0,4,4,3,2003,Rural,Poor,Yes
288,4841.0,2,3,3,1924,Downtown,Good,No
289,3306.0,3,2,1,1918,Downtown,Good,Yes
290,1037.0,1,4,3,1904,Downtown,Good,Yes
291,2341.0,1,4,1,1974,Downtown,Fair,No
292,2955.0,1,1,2,1978,Suburban,Good,Yes
293,1024.0,2,2,2,1971,Urban,Excellent,Yes
294,3450.0,2,4,3,1982,Rural,Poor,Yes
295,4631.0,1,4,1,1986,Urban,Poor,No
296,4615.0,2,2,3,1926,Suburban,Fair,Yes
297,2868.0,5,3,3,1939,Suburban,Fair,No
298,4347.0,5,4,1,1995,Urban,Excellent,No
299,4995.0,2,1,3,1925,Urban,Good,No
300,3201.0,1,4,2,1926,Suburban,Fair,No
301,1471.0,2,1,3,1961,Suburban,Poor,No
302,1666.0,2,1,1,1982,Rural,Fair,No
303,3274.0,2,4,1,1949,Downtown,Fair,No
304,2482.0,3,4,2,1941,Downtown,Good,Yes
305,1353.0,5,1,1,1928,Rural,Fair,Yes
306,4646.0,4,2,1,1938,Urban,Excellent,No
307,4236.0,4,2,2,1959,Suburban,Poor,No
308,4269.0,3,4,3,1940,Urban,Good,No
309,1074.0,2,3,2,1932,Downtown,Poor,No
310,3761.0,3,2,3,1982,Downtown,Excellent,No
311,1648.0,3,4,2,2000,Urban,Excellent,No
312,2215.0,1,2,3,1982,Downtown,Fair,Yes
313,4354.0,5,3,2,1996,Suburban,Fair,Yes
314,2991.0,4,4,3,2010,Rural,Fair,No
315,3160.0,2,3,2,1915,Urban,Poor,No
316,3624.0,4,4,3,1922,Suburban,Excellent,No
317,3551.0,4,3,2,1906,Suburban,Good,Yes
318,504.0,5,2,1,1925,Downtown,Fair,No
319,1376.0,4,2,3,1995,Suburban,Poor,Yes
320,1491.0,4,3,2,1911,Urban,Fair,Yes
321,4642.0,3,3,3,1971,Suburban,Excellent,Yes
322,4864.0,5,3,3,1904,Rural,Good,No
323,4965.0,1,4,2,2005,Suburban,Excellent,No
324,1135.0,2,2,3,1991,Suburban,Poor,Yes
325,2193.0,4,4,2,2016,Rural,Fair,Yes
326,2182.0,2,2,1,1968,Suburban,Excellent,Yes
327,619.0,1,1,3,1948,Suburban,Poor,Yes
328,1330.0,2,4,1,1925,Downtown,Fair,No
329,4175.0,1,2,3,1904,Urban,Good,Yes
330,1869.0,3,2,3,1921,Downtown,Excellent,No
331,1240.0,4,4,3,1978,Urban,Fair,Yes
332,616.0,1,4,2,1912,Rural,Fair,No
333,3338.0,2,2,1,1927,Rural,Fair,Yes
334,1650.0,4,4,3,1932,Rural,Fair,No
335,2431.0,3,3,2,2006,Urban,Excellent,No
336,1512.0,4,4,3,1922,Urban,Fair,No
337,2164.0,1,4,2,1996,Urban,Poor,Yes
338,1581.0,3,4,3,2006,Rural,Excellent,No
339,1012.0,2,2,1,1917,Urban,Fair,Yes
340,3349.0,3,3,1,2013,Suburban,Excellent,No
341,1059.0,3,1,3,2016,Downtown,Poor,No
342,4172.0,5,1,2,1929,Rural,Poor,Yes
343,3843.0,3,3,3,1925,Downtown,Excellent,No
344,4570.0,3,3,2,1915,Suburban,Fair,No
345,1970.0,4,3,3,1976,Urban,Fair,Yes
346,1080.0,2,2,2,1938,Downtown,Poor,No
347,2794.0,4,1,1,1932,Suburban,Fair,No
348,3647.0,4,3,3,1925,Suburban,Poor,No
349,4749.0,1,2,1,1947,Downtown,Fair,No
350,2179.0,4,1,1,1964,Rural,Poor,Yes
351,4006.0,5,4,3,2012,Downtown,Good,No
352,3244.0,5,2,3,1937,Rural,Fair,No
353,3856.0,1,1,2,1901,Urban,Fair,No
354,4545.0,2,2,2,2012,Rural,Fair,No
355,1743.0,2,1,1,1905,Urban,Excellent,No
356,3618.0,4,1,2,1945,Downtown,Fair,No
357,2641.0,4,4,2,1949,Urban,Excellent,No
358,3559.0,4,2,3,1937,Suburban,Excellent,No
359,3459.0,2,3,2,2005,Urban,Poor,Yes
360,2765.0,3,4,1,1987,Rural,Excellent,Yes
361,2979.0,5,4,2,1917,Rural,Excellent,Yes
362,2135.0,3,1,1,1926,Rural,Good,Yes
363,2257.0,3,3,3,1940,Urban,Fair,No
364,4952.0,2,2,1,1971,Rural,Excellent,No
365,2570.0,3,3,2,1991,Rural,Fair,Yes
366,3349.0,1,3,3,1973,Suburban,Excellent,Yes
367,3751.0,4,3,2,1916,Urban,Poor,Yes
368,4230.0,1,3,3,2018,Suburban,Good,No
369,2989.0,5,3,3,1961,Rural,Excellent,No
370,2131.0,4,1,2,1928,Rural,Fair,Yes
371,3316.0,3,1,2,1957,Rural,Poor,Yes
372,1515.0,5,4,3,1969,Urban,Fair,Yes
373,1848.0,4,1,3,1977,Downtown,Poor,Yes
374,3587.0,3,4,2,1921,Rural,Good,Yes
375,3339.0,1,4,1,2017,Rural,Poor,No
376,835.0,4,2,2,1905,Rural,Fair,Yes
377,1395.0,3,3,3,1925,Rural,Fair,No
378,4046.0,1,1,2,1938,Urban,Excellent,Yes
379,1351.0,5,2,1,1911,Downtown,Poor,Yes
380,2187.0,5,1,2,1998,Downtown,Fair,No
381,2431.0,5,4,3,1913,Downtown,Excellent,Yes
382,4246.0,5,1,2,1921,Rural,Good,No
383,2927.0,2,3,3,1950,Rural,Fair,No
384,2068.0,4,4,3,1922,Downtown,Excellent,Yes
385,4500.0,4,4,2,1947,Downtown,Fair,Yes
386,3238.0,2,2,3,1970,Rural,Poor,No
387,3998.0,3,3,3,2003,Rural,Excellent,No
388,4413.0,3,4,1,1949,Suburban,Poor,Yes
389,1566.0,5,3,1,1988,Suburban,Good,No
390,4880.0,1,1,1,1912,Suburban,Poor,Yes
391,2944.0,3,3,1,1984,Downtown,Excellent,No
392,4607.0,1,4,3,2004,Urban,Fair,Yes
393,3873.0,4,2,2,1909,Rural,Excellent,No
394,4469.0,1,4,3,2016,Suburban,Poor,No
395,3046.0,4,3,3,1954,Urban,Poor,Yes
396,1253.0,2,3,3,2022,Rural,Fair,No
397,2582.0,2,4,2,1908,Urban,Good,No
398,3274.0,5,3,1,1978,Downtown,Excellent,No
399,3396.0,3,1,3,1951,Downtown,Fair,No
400,4685.0,5,4,3,1901,Downtown,Fair,No
401,1275.0,4,2,1,1924,Suburban,Fair,No
402,2125.0,5,4,3,1912,Rural,Excellent,No
403,3569.0,1,1,2,1997,Downtown,Excellent,Yes
404,917.0,4,1,3,1950,Suburban,Excellent,No
405,614.0,2,1,3,1957,Suburban,Good,No
406,1116.0,3,1,1,1933,Suburban,Fair,Yes
407,4474.0,4,1,3,1934,Suburban,Poor,No
408,3767.0,4,2,3,2001,Downtown,Poor,No
409,1325.0,1,3,2,1902,Suburban,Fair,Yes
410,2016.0,3,1,1,2005,Downtown,Poor,No
411,3646.0,2,1,1,2019,Downtown,Good,No
412,912.0,4,4,2,1958,Suburban,Good,Yes
413,1228.0,4,2,3,1969,Downtown,Excellent,Yes
414,3848.0,1,2,1,2018,Rural,Excellent,No
415,3308.0,5,3,1,1947,Rural,Excellent,No
416,1175.0,2,2,3,1963,Urban,Excellent,Yes
417,3965.0,3,4,3,2012,Rural,Excellent,No
418,3004.0,4,4,1,1918,Downtown,Poor,Yes
419,3467.0,4,3,3,1966,Downtown,Poor,Yes
420,3286.0,2,4,1,1981,Rural,Excellent,Yes
421,1622.0,5,1,3,2002,Suburban,Good,No
422,4579.0,4,1,3,1972,Suburban,Poor,Yes
423,2071.0,2,4,2,2015,Downtown,Good,Yes
424,2643.0,1,3,3,1975,Suburban,Good,Yes
425,2187.0,5,2,2,1904,Urban,Fair,No
426,4632.0,3,3,3,1966,Urban,Fair,No
427,4351.0,4,2,1,1910,Rural,Excellent,No
428,3940.0,2,4,1,2020,Rural,Good,Yes
429,4266.0,1,4,3,1993,Suburban,Poor,No
430,2826.0,3,1,3,1967,Downtown,Fair,No
431,3414.0,2,2,1,1968,Rural,Fair,Yes
432,4452.0,2,3,3,1900,Urban,Good,Yes
433,1095.0,3,4,2,1990,Rural,Fair,No
434,1228.0,1,3,2,1991,Rural,Fair,No
435,1865.0,1,1,2,1962,Urban,Poor,Yes
436,4992.0,5,2,2,1928,Downtown,Good,No
437,1198.0,4,2,2,1981,Rural,Fair,Yes
438,895.0,3,4,3,1911,Rural,Good,Yes
439,4671.0,3,2,3,1976,Rural,Fair,No
440,4860.0,3,4,2,1940,Suburban,Poor,No
441,3002.0,1,1,3,1901,Rural,Good,No
442,2319.0,4,2,3,1936,Urban,Fair,No
443,1217.0,5,4,2,1944,Downtown,Poor,Yes
444,3282.0,2,3,3,1979,Downtown,Fair,No
445,4077.0,2,4,3,1947,Urban,Good,No
446,643.0,3,2,3,1923,Suburban,Fair,No
447,3640.0,4,1,2,1998,Urban,Good,Yes
448,4991.0,1,2,3,1921,Downtown,Good,No
449,3438.0,4,2,1,1999,Urban,Fair,No
450,4136.0,4,4,1,1910,Suburban,Poor,Yes
451,3722.0,1,3,2,2018,Downtown,Excellent,Yes
452,1667.0,3,2,1,1957,Suburban,Poor,Yes
453,3116.0,4,3,2,1945,Urban,Poor,Yes
454,1562.0,2,4,1,1928,Rural,Fair,Yes
455,2656.0,1,3,1,1934,Urban,Poor,No
456,3482.0,5,4,1,2011,Suburban,Poor,Yes
457,3794.0,3,1,2,2017,Urban,Excellent,Yes
458,1656.0,1,3,2,1914,Rural,Poor,Yes
459,1232.0,5,3,3,1959,Suburban,Excellent,Yes
460,4830.0,5,1,2,1994,Urban,Fair,Yes
461,1453.0,4,3,1,1941,Suburban,Excellent,Yes
462,3039.0,4,1,1,2004,Suburban,Good,Yes
463,3824.0,4,2,2,1942,Downtown,Good,Yes
464,3801.0,1,4,2,1979,Downtown,Excellent,No
465,2042.0,1,1,2,1973,Suburban,Good,No
466,1691.0,3,3,3,1948,Urban,Fair,No
467,3493.0,4,1,1,1963,Urban,Good,Yes
468,3181.0,5,3,3,1931,Urban,Excellent,Yes
469,1717.0,2,2,3,1963,Rural,Fair,Yes
470,2040.0,3,1,1,2014,Suburban,Good,No
471,3736.0,1,2,1,1901,Suburban,Fair,Yes
472,2886.0,3,4,2,1923,Rural,Excellent,Yes
473,4219.0,3,3,2,1986,Suburban,Good,Yes
474,1888.0,3,3,3,1965,Suburban,Fair,No
475,2356.0,3,2,2,1937,Rural,Fair,No
476,1865.0,2,4,2,1930,Downtown,Good,Yes
477,999.0,4,1,1,2014,Suburban,Fair,No
478,2180.0,5,1,1,2003,Rural,Fair,Yes
479,1010.0,3,3,2,1925,Urban,Excellent,Yes
480,4812.0,3,2,1,1928,Downtown,Excellent,No
481,1824.0,3,2,2,1966,Urban,Excellent,No
482,1655.0,4,1,1,2021,Suburban,Excellent,No
483,2327.0,1,4,1,1977,Downtown,Excellent,No
484,3641.0,1,4,1,1924,Rural,Excellent,Yes
485,3986.0,2,1,1,1947,Suburban,Good,Yes
486,2310.0,1,1,2,1964,Rural,Excellent,No
487,3423.0,3,2,3,1952,Downtown,Fair,No
488,2714.0,3,4,1,1966,Urban,Good,Yes
489,4686.0,3,1,2,2017,Suburban,Fair,Yes
490,1213.0,2,1,2,1989,Suburban,Excellent,Yes
491,4102.0,3,3,1,1917,Rural,Excellent,Yes
492,4634.0,1,1,3,1908,Downtown,Fair,No
493,4022.0,4,1,1,1937,Rural,Fair,No
494,4768.0,4,4,2,1986,Downtown,Fair,No
495,1743.0,5,2,3,1920,Suburban,Poor,Yes
496,4209.0,1,4,2,2020,Downtown,Poor,Yes
497,1581.0,3,2,1,1964,Suburban,Poor,No
498,955.0,4,3,3,1920,Downtown,Poor,No
499,1394.0,1,1,2,1926,Urban,Good,No
500,1884.0,4,3,2,2005,Downtown,Excellent,Yes
501,2458.0,3,2,2,2022,Urban,Fair,No
502,3572.0,4,4,1,1969,Downtown,Excellent,Yes
503,2496.0,5,4,3,2018,Downtown,Fair,No
504,4785.0,5,3,1,1943,Rural,Excellent,No
505,1004.0,4,2,1,1999,Rural,Good,No
506,1714.0,1,3,1,1927,Suburban,Poor,Yes
507,2031.0,1,3,3,1944,Rural,Excellent,Yes
508,3940.0,1,1,1,1916,Downtown,Fair,Yes
509,1323.0,4,3,1,2022,Rural,Excellent,Yes
510,1428.0,1,1,1,1939,Downtown,Good,Yes
511,633.0,3,1,1,2021,Urban,Good,Yes
512,2605.0,5,4,2,2015,Downtown,Excellent,No
513,4127.0,3,1,1,1902,Suburban,Poor,Yes
514,2352.0,1,1,2,1975,Urban,Fair,No
515,4675.0,3,4,1,2002,Suburban,Good,Yes
516,3433.0,1,3,3,1975,Suburban,Good,No
517,3784.0,4,2,2,1965,Suburban,Excellent,No
518,4798.0,3,2,2,2019,Rural,Good,Yes
519,3311.0,4,2,2,1945,Suburban,Good,No
520,1750.0,4,3,2,1985,Urban,Fair,Yes
521,4012.0,2,1,3,1986,Downtown,Poor,Yes
522,1756.0,1,2,1,1929,Suburban,Fair,Yes
523,3876.0,5,3,2,1968,Urban,Poor,Yes
524,3986.0,1,1,3,1908,Suburban,Fair,No
525,4084.0,5,4,2,1984,Downtown,Excellent,Yes
526,1896.0,1,2,1,1910,Urban,Good,No
527,4137.0,4,1,2,1968,Urban,Poor,No
528,3830.0,3,2,3,1998,Downtown,Excellent,No
529,3203.0,3,2,1,1990,Urban,Good,Yes
530,970.0,2,2,3,2012,Downtown,Good,No
531,1853.0,5,1,1,1965,Urban,Good,Yes
532,3283.0,5,3,1,1987,Urban,Fair,No
533,3331.0,5,1,1,1930,Downtown,Excellent,Yes
534,857.0,4,2,2,1932,Downtown,Excellent,Yes
535,3519.0,5,1,3,1938,Urban,Good,Yes
536,1167.0,3,4,3,1993,Urban,Poor,Yes
537,4968.0,4,3,3,1945,Downtown,Excellent,No
538,1645.0,1,1,1,1936,Rural,Fair,No
539,4685.0,5,4,2,2014,Downtown,Poor,Yes
540,4219.0,5,3,1,1991,Urban,Poor,No
541,3245.0,1,4,3,1959,Urban,Poor,Yes
542,1039.0,5,3,2,1930,Urban,Poor,Yes
543,3279.0,1,1,2,1910,Downtown,Excellent,No
544,4636.0,4,4,2,1986,Urban,Good,Yes
545,4275.0,3,2,3,2020,Rural,Poor,Yes
546,3008.0,1,4,2,1901,Suburban,Fair,Yes
547,3279.0,2,3,2,2003,Rural,Fair,Yes
548,1424.0,1,1,1,2004,Downtown,Good,Yes
549,3456.0,5,3,1,1926,Urban,Excellent,No
550,2081.0,4,4,2,1998,Downtown,Good,No
551,3824.0,4,4,2,1901,Suburban,Poor,No
552,4985.0,1,2,1,2002,Downtown,Excellent,Yes
553,755.0,3,1,1,2000,Urban,Excellent,Yes
554,2338.0,2,1,1,1920,Suburban,Poor,Yes
555,2444.0,4,4,3,1957,Suburban,Fair,Yes
556,509.0,5,1,3,1904,Urban,Poor,Yes
557,3371.0,5,2,1,1951,Urban,Good,Yes
558,1297.0,3,3,2,1944,Urban,Poor,No
559,1515.0,4,1,1,1984,Downtown,Fair,Yes
560,2324.0,1,4,3,1992,Rural,Poor,No
561,4969.0,5,3,2,1919,Downtown,Good,Yes
562,3636.0,3,3,3,1960,Downtown,Good,No
563,2693.0,4,2,2,1937,Rural,Fair,Yes
564,723.0,4,4,3,1919,Urban,Good,No
565,4658.0,4,1,2,2013,Urban,Good,No
566,4425.0,4,4,2,1924,Rural,Poor,Yes
567,4500.0,4,3,2,1901,Rural,Excellent,Yes
568,2133.0,5,4,2,2020,Downtown,Good,No
569,2652.0,3,1,3,1931,Suburban,Good,Yes
570,1010.0,4,1,3,1925,Rural,Fair,Yes
571,884.0,2,2,2,1969,Downtown,Fair,Yes
572,904.0,2,1,2,1940,Suburban,Poor,No
573,2500.0,3,1,3,2020,Urban,Poor,Yes
574,3256.0,1,4,2,1966,Urban,Good,No
575,2168.0,1,4,2,1996,Downtown,Excellent,No
576,1960.0,1,3,2,1900,Downtown,Excellent,Yes
577,4136.0,2,2,1,1950,Rural,Poor,No
578,3224.0,1,4,2,1904,Urban,Fair,Yes
579,4678.0,5,1,1,1912,Downtown,Good,Yes
580,2548.0,4,3,2,1918,Urban,Good,No
581,4646.0,2,4,3,1911,Urban,Excellent,No
582,1216.0,3,2,1,1947,Rural,Poor,No
583,2323.0,3,2,1,1924,Suburban,Excellent,No
584,2581.0,4,3,2,1956,Rural,Excellent,No
585,3919.0,2,3,2,2014,Downtown,Poor,Yes
586,2074.0,1,3,1,1934,Rural,Fair,No
587,749.0,1,3,3,1975,Rural,Good,Yes
588,1173.0,5,3,3,1993,Urban,Fair,Yes
589,2665.0,5,1,2,1904,Rural,Poor,No
590,1270.0,1,1,3,1997,Downtown,Poor,No
591,4462.0,3,4,3,1921,Suburban,Good,No
592,4863.0,3,2,2,2002,Rural,Fair,No
593,2484.0,5,1,3,1976,Rural,Good,No
594,1577.0,4,1,2,1956,Suburban,Excellent,Yes
595,735.0,1,1,1,1946,Downtown,Excellent,Yes
596,888.0,5,4,2,1953,Downtown,Excellent,Yes
597,3537.0,5,3,1,1902,Rural,Fair,No
598,2348.0,1,4,1,2023,Urban,Excellent,No
599,3314.0,1,2,3,1952,Rural,Good,Yes
600,3874.0,3,2,3,1983,Suburban,Fair,No
601,3778.0,4,2,3,1930,Suburban,Good,No
602,1752.0,4,2,2,1968,Suburban,Poor,No
603,4481.0,1,1,3,1987,Rural,Fair,Yes
604,2622.0,2,1,1,2003,Rural,Good,No
605,2650.0,5,4,3,2017,Downtown,Good,Yes
606,1829.0,5,3,3,1932,Urban,Fair,No
607,1858.0,1,2,2,1971,Rural,Poor,No
608,2982.0,2,4,2,1987,Downtown,Fair,Yes
609,2517.0,3,1,1,1949,Rural,Excellent,No
610,1831.0,1,1,2,1983,Downtown,Excellent,No
611,4844.0,1,3,3,2023,Downtown,Poor,No
612,4761.0,5,3,2,1915,Urban,Good,Yes
613,1858.0,1,3,1,2013,Rural,Good,No
614,3677.0,1,4,3,2015,Downtown,Good,No
615,2628.0,1,1,1,1975,Suburban,Fair,No
616,2680.0,5,1,2,1976,Suburban,Fair,No
617,637.0,3,3,2,2008,Suburban,Poor,No
618,3972.0,3,2,1,2005,Urban,Excellent,Yes
619,3332.0,1,3,3,1938,Downtown,Good,Yes
620,4079.0,5,4,2,1988,Urban,Excellent,No
621,3531.0,3,3,2,1945,Rural,Fair,No
622,4664.0,3,3,3,1995,Rural,Fair,Yes
623,3093.0,3,4,2,1987,Downtown,Fair,No
624,4800.0,5,3,1,2011,Suburban,Excellent,No
625,4318.0,5,1,2,1946,Downtown,Poor,No
626,4638.0,1,2,2,1943,Downtown,Poor,No
627,4323.0,4,3,3,1908,Downtown,Fair,No
628,4542.0,3,4,1,2003,Urban,Good,No
629,2406.0,4,2,3,2013,Rural,Excellent,No
630,1260.0,5,4,2,1986,Downtown,Fair,No
631,3945.0,5,2,2,1949,Downtown,Excellent,Yes
632,1399.0,5,2,3,1976,Downtown,Excellent,Yes
633,4955.0,4,3,3,1959,Urban,Poor,No
634,3447.0,5,1,3,2022,Urban,Fair,No
635,2219.0,1,3,1,1995,Urban,Poor,No
636,780.0,5,4,2,2013,Downtown,Fair,No
637,3766.0,2,4,3,1914,Suburban,Excellent,Yes
638,2387.0,4,2,2,1935,Suburban,Poor,Yes
639,3766.0,2,2,1,2012,Suburban,Excellent,Yes
640,1166.0,5,1,1,1962,Rural,Fair,Yes
641,4688.0,1,3,1,1968,Downtown,Good,No
642,1171.0,3,4,1,1985,Suburban,Poor,No
643,2469.0,5,2,2,1979,Suburban,Poor,No
644,4656.0,1,1,1,1940,Suburban,Excellent,Yes
645,3622.0,4,4,1,1973,Downtown,Excellent,No
646,4400.0,2,2,3,1923,Suburban,Good,No
647,1023.0,2,4,1,1981,Suburban,Poor,Yes
648,2893.0,2,1,3,1948,Downtown,Fair,Yes
649,3617.0,4,1,1,1917,Rural,Fair,Yes
650,3093.0,1,4,1,1906,Urban,Poor,Yes
651,2468.0,4,3,3,1903,Suburban,Poor,Yes
652,2253.0,2,4,1,1989,Urban,Poor,No
653,2796.0,5,2,2,1968,Rural,Good,No
654,2761.0,3,3,2,1959,Rural,Fair,Yes
655,2786.0,4,2,1,1954,Suburban,Fair,No
656,4702.0,4,4,2,1915,Downtown,Excellent,No
657,3378.0,1,3,3,1998,Rural,Excellent,No
658,4643.0,1,2,1,1989,Urban,Poor,No
659,4144.0,4,4,1,1981,Urban,Excellent,Yes
660,4932.0,2,4,3,1928,Urban,Good,No
661,2555.0,3,3,3,1922,Urban,Fair,No
662,1776.0,1,4,3,2016,Rural,Fair,No
663,3266.0,2,1,1,1913,Suburban,Excellent,Yes
664,802.0,5,2,3,1978,Suburban,Poor,No
665,1138.0,1,2,3,1948,Urban,Excellent,Yes
666,555.0,2,4,2,1932,Suburban,Poor,Yes
667,1025.0,2,4,2,1924,Urban,Good,Yes
668,4623.0,3,1,1,1920,Urban,Fair,Yes
669,2625.0,3,3,2,1916,Downtown,Good,No
670,3787.0,5,4,2,1922,Rural,Fair,Yes
671,864.0,2,4,3,1956,Rural,Good,Yes
672,2146.0,2,4,3,2006,Urban,Excellent,Yes
673,1418.0,3,4,2,1980,Rural,Good,Yes
674,3297.0,1,2,2,1957,Suburban,Good,Yes
675,2031.0,1,4,2,1913,Urban,Excellent,No
676,3845.0,4,2,1,1992,Downtown,Fair,Yes
677,2406.0,3,4,1,1919,Suburban,Fair,No
678,3586.0,4,3,1,1929,Downtown,Excellent,No
679,2575.0,3,1,2,1918,Downtown,Good,Yes
680,1213.0,5,3,2,1952,Rural,Good,No
681,1562.0,2,4,1,2002,Rural,Good,No
682,2476.0,5,4,1,1955,Urban,Poor,No
683,1796.0,3,4,2,1976,Rural,Fair,Yes
684,625.0,2,3,3,1981,Downtown,Good,Yes
685,4096.0,1,4,1,1922,Downtown,Fair,Yes
686,3783.0,1,3,2,1961,Suburban,Good,Yes
687,2103.0,4,2,2,2009,Downtown,Excellent,Yes
688,566.0,3,1,3,1932,Urban,Excellent,Yes
689,732.0,3,1,2,2002,Urban,Fair,Yes
690,2656.0,1,3,2,2003,Rural,Fair,No
691,1669.0,5,2,1,1917,Rural,Excellent,No
692,2658.0,2,3,1,1972,Rural,Poor,Yes
693,4706.0,5,2,3,1932,Urban,Excellent,No
694,1993.0,5,4,3,1931,Downtown,Good,Yes
695,4507.0,1,2,2,1960,Rural,Poor,Yes
696,2972.0,1,2,1,1953,Suburban,Excellent,Yes
697,3160.0,1,2,3,1916,Rural,Poor,No
698,3239.0,4,1,3,1918,Urban,Poor,Yes
699,2261.0,5,2,3,1990,Rural,Poor,Yes
700,4014.0,3,4,2,1969,Downtown,Fair,Yes
701,2475.0,2,4,1,1998,Rural,Excellent,Yes
702,2862.0,4,4,3,2019,Urban,Fair,No
703,1376.0,3,2,1,2000,Urban,Fair,Yes
704,4312.0,5,3,3,1933,Suburban,Good,No
705,3948.0,1,3,3,1983,Urban,Good,No
706,1812.0,5,4,1,1924,Suburban,Poor,Yes
707,1960.0,2,1,1,1967,Downtown,Poor,Yes
708,3209.0,4,3,1,1973,Urban,Good,No
709,2824.0,4,2,2,1973,Rural,Good,No
710,2233.0,2,3,3,1987,Downtown,Excellent,No
711,2105.0,3,4,2,1984,Rural,Poor,No
712,3063.0,3,1,1,1910,Rural,Poor,Yes
713,3921.0,4,3,3,1990,Rural,Good,No
714,4017.0,4,3,2,1915,Downtown,Excellent,No
715,2897.0,1,4,3,1989,Downtown,Good,No
716,4235.0,3,1,2,1960,Urban,Good,No
717,3370.0,2,1,1,1993,Rural,Fair,Yes
718,1660.0,3,4,2,2012,Suburban,Poor,Yes
719,742.0,1,2,3,1979,Urban,Excellent,Yes
720,3090.0,4,3,3,1906,Downtown,Fair,No
721,1563.0,4,2,3,1915,Suburban,Poor,No
722,4824.0,1,3,3,1998,Downtown,Good,Yes
723,3095.0,2,3,1,2021,Suburban,Excellent,Yes
724,1419.0,4,2,2,1915,Urban,Poor,No
725,505.0,5,4,1,1939,Suburban,Good,Yes
726,967.0,4,4,1,1911,Urban,Fair,No
727,4670.0,5,3,1,1934,Downtown,Excellent,No
728,503.0,1,4,3,2012,Suburban,Poor,No
729,1145.0,1,3,3,1920,Rural,Fair,No
730,617.0,4,4,3,1949,Rural,Good,No
731,3428.0,3,3,2,1942,Downtown,Good,No
732,3051.0,5,4,3,1999,Suburban,Poor,Yes
733,4789.0,2,1,2,2011,Rural,Good,Yes
734,1346.0,4,2,3,1916,Urban,Excellent,Yes
735,3262.0,2,1,3,1931,Suburban,Poor,No
736,1641.0,4,2,1,1940,Suburban,Fair,Yes
737,2310.0,3,2,1,1905,Rural,Poor,No
738,1223.0,3,3,1,1987,Urban,Poor,No
739,724.0,3,2,2,1926,Urban,Fair,No
740,4708.0,3,1,2,1919,Urban,Good,No
741,2548.0,1,1,3,1924,Suburban,Fair,Yes
742,4915.0,1,4,2,1965,Downtown,Excellent,Yes
743,2073.0,5,1,3,1908,Suburban,Good,Yes
744,2328.0,2,4,2,1991,Suburban,Poor,No
745,2417.0,4,2,2,1952,Rural,Good,Yes
746,4734.0,4,1,2,1960,Downtown,Good,Yes
747,2526.0,1,2,1,1937,Urban,Excellent,Yes
748,4244.0,4,1,2,1902,Rural,Good,No
749,1401.0,1,1,1,1983,Suburban,Good,Yes
750,2539.0,5,4,1,1969,Downtown,Good,No
751,509.0,2,2,2,2002,Urban,Poor,Yes
752,760.0,5,1,3,1996,Urban,Good,No
753,2173.0,3,3,3,1954,Suburban,Fair,Yes
754,2719.0,3,2,3,1900,Urban,Good,Yes
755,2560.0,3,2,2,2000,Urban,Excellent,Yes
756,4213.0,5,2,3,1969,Downtown,Good,No
757,2119.0,4,4,1,1944,Rural,Good,Yes
758,820.0,2,3,3,1997,Downtown,Poor,Yes
759,1842.0,3,2,2,1946,Rural,Fair,No
760,2876.0,3,1,3,1978,Rural,Good,No
761,3332.0,3,1,1,2008,Rural,Fair,No
762,3324.0,2,4,2,1925,Urban,Excellent,No
763,2494.0,3,1,3,2020,Downtown,Poor,Yes
764,3458.0,2,2,2,1913,Urban,Fair,Yes
765,2538.0,3,1,2,2021,Suburban,Poor,No
766,3990.0,5,2,2,1953,Downtown,Good,Yes
767,4177.0,5,1,3,1970,Rural,Excellent,No
768,1618.0,2,3,2,1945,Urban,Poor,Yes
769,2104.0,5,4,3,2021,Urban,Good,No
770,4527.0,2,4,1,1930,Downtown,Fair,Yes
771,735.0,5,3,3,1987,Downtown,Excellent,No
772,2469.0,5,3,1,1958,Rural,Excellent,No
773,4929.0,2,4,3,1994,Rural,Fair,Yes
774,2408.0,4,3,2,1928,Suburban,Fair,Yes
775,875.0,5,2,3,2005,Rural,Excellent,Yes
776,4030.0,3,1,2,1995,Urban,Poor,No
777,3135.0,4,4,1,1916,Suburban,Excellent,Yes
778,2070.0,2,3,3,1913,Suburban,Fair,No
779,3060.0,4,2,2,2003,Suburban,Poor,Yes
780,3891.0,1,4,1,1935,Downtown,Good,Yes
781,3465.0,1,3,1,1957,Rural,Excellent,No
782,4143.0,5,4,3,2011,Suburban,Fair,No
783,4350.0,5,3,1,1923,Downtown,Good,Yes
784,1372.0,3,4,2,2008,Downtown,Excellent,No
785,1752.0,4,2,1,1962,Suburban,Excellent,No
786,1814.0,1,2,1,2017,Suburban,Poor,Yes
787,3398.0,5,1,2,1990,Urban,Fair,No
788,577.0,4,4,1,1924,Suburban,Good,Yes
789,3121.0,5,1,1,1958,Urban,Excellent,Yes
790,4727.0,5,4,1,1931,Suburban,Poor,No
791,1100.0,1,3,1,2015,Suburban,Good,Yes
792,1565.0,1,3,2,1981,Rural,Good,No
793,2636.0,5,1,1,2009,Suburban,Excellent,Yes
794,2949.0,2,4,2,1917,Suburban,Good,No
795,2843.0,5,1,1,1936,Urban,Excellent,No
796,2363.0,5,2,1,1925,Urban,Poor,No
797,1818.0,3,1,1,1908,Rural,Poor,No
798,4097.0,3,1,1,2023,Suburban,Good,No
799,4262.0,3,3,2,1998,Suburban,Excellent,Yes
800,2690.0,2,1,2,1963,Urban,Fair,Yes
801,1492.0,2,4,2,1971,Downtown,Poor,No
802,3212.0,5,3,3,1919,Downtown,Excellent,Yes
803,2692.0,3,1,1,1953,Downtown,Excellent,No
804,1748.0,2,2,1,2005,Urban,Excellent,No
805,3554.0,1,1,2,1985,Urban,Good,Yes
806,4533.0,5,1,3,1982,Downtown,Fair,Yes
807,2497.0,4,1,1,1929,Downtown,Good,No
808,4187.0,5,3,2,1952,Suburban,Poor,No
809,2651.0,4,4,1,1991,Urban,Good,No
810,4518.0,3,2,1,1998,Urban,Excellent,No
811,3610.0,4,1,2,2006,Downtown,Good,No
812,2470.0,3,4,2,1962,Downtown,Excellent,No
813,697.0,1,4,1,1910,Rural,Fair,Yes
814,3126.0,4,3,1,1930,Urban,Good,No
815,1702.0,5,2,2,1948,Rural,Good,No
816,2535.0,3,3,1,2011,Suburban,Good,Yes
817,977.0,5,4,1,2002,Rural,Excellent,No
818,1754.0,2,4,2,1999,Downtown,Excellent,No
819,1422.0,3,4,1,1993,Urban,Good,Yes
820,919.0,4,3,1,1986,Urban,Good,No
821,2704.0,3,2,3,1918,Rural,Fair,Yes
822,3097.0,5,1,2,1911,Rural,Fair,No
823,1620.0,1,3,3,1914,Suburban,Poor,Yes
824,3568.0,3,4,3,1930,Suburban,Fair,Yes
825,1450.0,4,3,3,1942,Downtown,Fair,Yes
826,2836.0,2,4,1,2000,Downtown,Fair,No
827,2743.0,1,1,1,1936,Downtown,Excellent,No
828,3145.0,2,1,3,1978,Rural,Fair,Yes
829,2357.0,3,2,3,1928,Rural,Fair,Yes
830,2365.0,5,4,3,2013,Urban,Good,No
831,3412.0,5,2,1,2006,Downtown,Excellent,No
832,3353.0,4,2,3,1925,Rural,Poor,No
833,3728.0,5,1,3,2007,Urban,Poor,No
834,4219.0,1,3,2,1901,Downtown,Fair,No
835,3728.0,5,3,2,1983,Suburban,Poor,Yes
836,2871.0,4,2,1,1914,Suburban,Poor,No
837,3391.0,3,1,2,2015,Rural,Poor,Yes
838,4256.0,3,4,2,1903,Urban,Fair,No
839,4725.0,5,3,2,1985,Suburban,Poor,Yes
840,594.0,2,2,1,1949,Urban,Fair,Yes
841,3174.0,3,3,2,1937,Urban,Good,No
842,2455.0,5,3,1,1922,Suburban,Good,Yes
843,1293.0,4,4,3,1958,Urban,Poor,Yes
844,2334.0,5,1,2,1989,Suburban,Good,Yes
845,2616.0,3,4,1,2014,Rural,Fair,Yes
846,4606.0,4,1,2,1974,Downtown,Good,No
847,3825.0,5,3,3,1927,Downtown,Poor,Yes
848,3419.0,1,2,1,2019,Rural,Fair,No
849,3097.0,4,4,1,1965,Suburban,Excellent,Yes
850,3705.0,1,1,1,2022,Suburban,Fair,No
851,1314.0,2,3,3,1907,Suburban,Good,No
852,845.0,4,1,3,1928,Suburban,Excellent,No
853,2849.0,1,1,3,1910,Rural,Fair,Yes
854,862.0,3,1,1,2000,Downtown,Excellent,No
855,2943.0,3,3,3,1917,Urban,Excellent,No
856,2765.0,2,2,2,1954,Urban,Excellent,Yes
857,2688.0,4,2,3,1949,Downtown,Fair,No
858,3505.0,4,2,1,1913,Rural,Good,Yes
859,3781.0,4,1,2,2017,Urban,Fair,Yes
860,1484.0,2,3,3,1973,Downtown,Good,No
861,2139.0,4,1,2,1998,Rural,Fair,Yes
862,1327.0,3,2,2,1908,Urban,Fair,Yes
863,3230.0,1,2,1,1998,Suburban,Fair,Yes
864,4031.0,3,3,2,1910,Suburban,Good,No
865,4951.0,3,1,2,1962,Rural,Fair,Yes
866,3435.0,1,4,1,2007,Suburban,Excellent,Yes
867,4376.0,3,4,1,1975,Rural,Fair,Yes
868,626.0,2,2,1,1966,Downtown,Excellent,No
869,3677.0,1,3,2,1952,Downtown,Poor,Yes
870,3556.0,3,1,2,1938,Urban,Poor,No
871,1103.0,5,1,2,1977,Rural,Good,Yes
872,3949.0,3,2,1,1955,Urban,Good,No
873,4646.0,2,2,3,1927,Urban,Poor,No
874,4033.0,4,1,2,1974,Downtown,Fair,No
875,3867.0,3,1,3,1938,Urban,Fair,Yes
876,3868.0,4,2,1,1924,Suburban,Fair,Yes
877,4297.0,5,1,2,1920,Urban,Poor,Yes
878,2292.0,3,4,3,1909,Rural,Excellent,No
879,3361.0,1,2,2,1942,Suburban,Good,Yes
880,3976.0,4,1,2,1914,Downtown,Excellent,Yes
881,3917.0,5,2,2,1982,Rural,Poor,No
882,2145.0,1,3,3,1947,Suburban,Excellent,Yes
883,1705.0,1,2,1,1985,Rural,Fair,Yes
884,3530.0,1,2,2,1920,Suburban,Fair,No
885,3372.0,1,3,1,1959,Rural,Excellent,No
886,3572.0,3,4,1,2015,Rural,Poor,Yes
887,2354.0,3,1,3,2007,Suburban,Excellent,No
888,4521.0,3,3,3,1995,Downtown,Fair,Yes
889,3208.0,5,2,1,1949,Downtown,Fair,Yes
890,4002.0,5,1,2,1922,Rural,Poor,Yes
891,1832.0,5,3,3,1912,Rural,Excellent,Yes
892,701.0,2,1,2,1968,Downtown,Fair,Yes
893,4007.0,5,1,2,1903,Downtown,Fair,No
894,4712.0,3,3,2,1991,Urban,Excellent,No
895,1074.0,3,1,1,1977,Downtown,Excellent,Yes
896,1036.0,2,4,2,1971,Rural,Good,No
897,2125.0,2,3,1,1908,Suburban,Poor,No
898,2622.0,5,4,1,2020,Downtown,Poor,Yes
899,885.0,4,2,2,2014,Urban,Excellent,No
900,3781.0,2,1,2,1934,Urban,Poor,No
901,974.0,1,2,2,2000,Urban,Fair,Yes
902,917.0,3,2,2,1920,Suburban,Excellent,Yes
903,4100.0,1,1,1,1957,Downtown,Excellent,Yes
904,1454.0,3,3,2,1917,Downtown,Excellent,Yes
905,1705.0,3,1,2,1996,Downtown,Good,Yes
906,4620.0,2,2,1,1971,Suburban,Poor,Yes
907,2490.0,2,2,3,2014,Suburban,Good,Yes
908,4072.0,1,3,3,2012,Rural,Fair,No
909,4880.0,3,1,1,1980,Urban,Poor,Yes
910,4658.0,1,2,3,1942,Urban,Good,No
911,3213.0,4,4,1,1994,Downtown,Excellent,No
912,2703.0,1,2,2,1997,Suburban,Good,Yes
913,3620.0,5,2,2,1905,Suburban,Excellent,No
914,1466.0,1,3,3,1985,Downtown,Good,No
915,3932.0,5,4,2,1977,Downtown,Good,No
916,1188.0,5,2,3,1966,Rural,Good,Yes
917,4743.0,5,2,3,1911,Urban,Excellent,No
918,4201.0,4,4,2,1999,Urban,Good,No
919,841.0,1,1,2,1911,Urban,Poor,Yes
920,2224.0,1,1,3,2008,Rural,Poor,No
921,4922.0,4,2,2,1965,Downtown,Poor,No
922,2292.0,3,2,1,1901,Downtown,Excellent,No
923,2259.0,2,1,2,1914,Urban,Excellent,No
924,3712.0,1,3,2,1922,Urban,Poor,No
925,1489.0,2,4,1,1928,Rural,Poor,Yes
926,2762.0,4,4,2,1980,Suburban,Poor,No
927,2982.0,3,3,2,1995,Suburban,Fair,Yes
928,1451.0,3,3,3,1906,Urban,Poor,No
929,1222.0,3,3,2,1993,Rural,Good,Yes
930,3889.0,4,3,2,1927,Urban,Fair,Yes
931,2579.0,5,3,1,1913,Suburban,Fair,Yes
932,3217.0,5,3,3,1943,Urban,Excellent,No
933,2832.0,2,4,3,1929,Suburban,Good,No
934,3876.0,5,3,3,1980,Suburban,Excellent,No
935,2000.0,5,1,2,1931,Suburban,Excellent,No
936,785.0,3,3,3,2009,Downtown,Good,No
937,3995.0,3,3,1,1969,Downtown,Excellent,Yes
938,2565.0,2,4,3,2014,Urban,Good,Yes
939,1268.0,1,4,1,1987,Suburban,Good,Yes
940,3557.0,2,3,3,1905,Downtown,Excellent,No
941,4789.0,2,4,3,1926,Urban,Poor,No
942,2661.0,4,2,1,1981,Urban,Excellent,Yes
943,3793.0,4,4,3,1987,Urban,Fair,No
944,1446.0,2,4,3,2000,Urban,Excellent,No
945,3835.0,2,4,3,2019,Urban,Good,Yes
946,4650.0,2,4,2,1923,Rural,Fair,Yes
947,1981.0,5,1,1,2001,Suburban,Good,No
948,2401.0,4,1,3,1933,Urban,Poor,No
949,3951.0,2,1,1,1939,Rural,Poor,Yes
950,4564.0,3,3,1,1946,Suburban,Fair,No
951,554.0,3,3,1,1978,Downtown,Poor,Yes
952,2323.0,5,2,3,1974,Urban,Poor,Yes
953,3962.0,5,1,3,1985,Rural,Excellent,Yes
954,3579.0,1,3,1,2017,Downtown,Excellent,No
955,1332.0,1,4,2,1923,Rural,Poor,Yes
956,4908.0,1,4,1,1964,Suburban,Poor,Yes
957,3306.0,5,1,2,1917,Suburban,Excellent,No
958,2990.0,5,2,1,1943,Downtown,Poor,Yes
959,827.0,5,2,1,1975,Rural,Poor,No
960,3810.0,3,4,1,1956,Urban,Good,No
961,3800.0,5,2,3,2006,Urban,Poor,No
962,4175.0,3,1,2,1927,Downtown,Fair,Yes
963,3554.0,1,4,2,2003,Downtown,Good,Yes
964,2643.0,1,3,1,2023,Downtown,Fair,No
965,1811.0,1,3,3,1970,Rural,Poor,No
966,3691.0,2,2,3,1922,Urban,Excellent,No
967,3038.0,2,4,2,1984,Urban,Good,Yes
968,4483.0,4,4,3,1933,Urban,Excellent,No
969,664.0,4,3,2,1910,Downtown,Good,No
970,4777.0,4,4,2,1985,Urban,Excellent,No
971,1322.0,2,4,2,2005,Suburban,Good,Yes
972,1443.0,2,4,3,1934,Downtown,Good,No
973,4925.0,4,2,2,2015,Urban,Fair,Yes
974,1274.0,4,4,2,1992,Rural,Excellent,Yes
975,2698.0,5,1,1,1941,Downtown,Fair,No
976,3656.0,4,2,2,1927,Suburban,Fair,No
977,4742.0,5,4,2,2022,Suburban,Excellent,No
978,4195.0,3,4,1,1981,Rural,Good,Yes
979,3952.0,2,1,1,1977,Rural,Fair,Yes
980,1414.0,4,2,3,1981,Downtown,Excellent,Yes
981,1808.0,2,3,2,1991,Downtown,Good,No
982,4677.0,2,3,3,1923,Suburban,Fair,Yes
983,1013.0,2,2,3,1907,Rural,Fair,No
984,2420.0,3,4,1,2005,Downtown,Fair,No
985,4094.0,1,4,3,2017,Suburban,Good,No
986,1909.0,4,3,2,2008,Rural,Fair,Yes
987,3690.0,1,3,1,1952,Suburban,Good,Yes
988,4991.0,1,3,2,1971,Urban,Poor,Yes
989,2055.0,1,1,2,1903,Rural,Fair,No
990,1304.0,2,3,1,1990,Downtown,Poor,Yes
991,1779.0,5,1,2,1999,Downtown,Excellent,Yes
992,4077.0,2,2,1,1904,Urban,Fair,No
993,3401.0,2,4,2,1996,Rural,Excellent,No
994,1887.0,1,3,1,1948,Suburban,Excellent,Yes
995,3261.0,2,4,3,1997,Downtown,Excellent,No
996,3179.0,1,4,2,1929,Urban,Poor,Yes
997,2606.0,5,3,1,1971,Urban,Good,No
998,4723.0,4,3,2,2002,Rural,Poor,No
999,3268.0,1,2,2,1962,Rural,Poor,Yes
1000,4453.0,5,1,2,1946,Downtown,Excellent,No
1001,3686.0,4,1,1,1925,Urban,Fair,No
1002,3780.0,3,4,3,1956,Suburban,Good,No
1003,3073.0,1,3,3,1936,Urban,Excellent,Yes
1004,3099.0,1,2,3,1997,Suburban,Good,No
1005,4533.0,3,2,1,1906,Suburban,Poor,No
1006,736.0,3,2,3,1939,Downtown,Good,Yes
1007,1804.0,1,2,1,1991,Urban,Good,Yes
1008,3930.0,3,2,2,1938,Suburban,Fair,No
1009,1801.0,2,1,2,1961,Rural,Excellent,No
1010,3041.0,4,1,3,2002,Suburban,Good,No
1011,2551.0,4,1,1,1991,Rural,Good,Yes
1012,941.0,4,3,2,1977,Rural,Poor,No
1013,2576.0,2,4,1,1952,Urban,Poor,Yes
1014,3680.0,3,2,1,2013,Rural,Good,Yes
1015,3157.0,5,3,2,2001,Suburban,Excellent,No
1016,4298.0,3,2,1,1903,Rural,Good,No
1017,1304.0,1,1,2,2005,Urban,Good,Yes
1018,574.0,4,3,2,1981,Downtown,Fair,No
1019,2675.0,3,1,2,2007,Suburban,Excellent,No
1020,4424.0,5,2,1,2011,Suburban,Fair,Yes
1021,2589.0,1,2,2,1924,Urban,Excellent,No
1022,540.0,2,4,1,1906,Urban,Excellent,Yes
1023,2581.0,2,2,2,2001,Urban,Excellent,No
1024,2122.0,5,1,2,1927,Urban,Fair,Yes
1025,841.0,1,2,3,1968,Suburban,Fair,Yes
1026,4552.0,4,4,3,1966,Downtown,Fair,No
1027,2574.0,3,4,3,2007,Rural,Poor,Yes
1028,1145.0,1,1,1,1994,Rural,Fair,Yes
1029,4763.0,2,3,1,2010,Downtown,Poor,No
1030,1109.0,5,2,2,2005,Downtown,Poor,No
1031,954.0,5,4,2,2021,Downtown,Poor,No
1032,3453.0,3,2,2,1919,Urban,Good,Yes
1033,2208.0,5,2,2,1982,Suburban,Good,Yes
1034,3972.0,5,3,1,2011,Suburban,Good,Yes
1035,3469.0,1,4,2,2023,Suburban,Poor,No
1036,3528.0,4,2,2,1910,Urban,Poor,Yes
1037,3181.0,3,4,3,2003,Suburban,Excellent,Yes
1038,4129.0,1,1,2,1966,Urban,Poor,No
1039,4725.0,4,1,2,1986,Suburban,Good,Yes
1040,3567.0,1,2,2,1906,Downtown,Poor,No
1041,1886.0,1,4,1,1922,Rural,Poor,No
1042,4276.0,5,2,3,1960,Rural,Excellent,No
1043,3366.0,4,4,2,1970,Urban,Poor,Yes
1044,3863.0,3,4,2,2009,Suburban,Fair,Yes
1045,4624.0,3,3,3,1933,Rural,Excellent,Yes
1046,648.0,4,3,2,2005,Downtown,Poor,No
1047,4350.0,5,3,1,1918,Downtown,Poor,No
1048,2558.0,2,2,2,1957,Downtown,Excellent,No
1049,1636.0,1,3,1,1908,Urban,Poor,Yes
1050,686.0,5,3,1,1947,Urban,Good,Yes
1051,3354.0,4,1,2,2014,Suburban,Fair,Yes
1052,1750.0,1,4,3,1981,Downtown,Fair,Yes
1053,1833.0,3,4,1,1940,Suburban,Good,Yes
1054,4693.0,2,3,3,1947,Suburban,Poor,No
1055,4650.0,3,4,2,1944,Downtown,Poor,Yes
1056,3211.0,4,1,1,2005,Suburban,Fair,No
1057,2285.0,1,1,2,1924,Rural,Poor,No
1058,1250.0,4,3,3,2015,Urban,Fair,Yes
1059,2262.0,1,1,2,1977,Suburban,Fair,No
1060,4420.0,5,4,2,2007,Downtown,Good,Yes
1061,4960.0,2,2,1,1924,Urban,Fair,Yes
1062,981.0,5,4,2,1918,Urban,Poor,No
1063,653.0,5,2,2,1938,Suburban,Poor,Yes
1064,2024.0,4,3,2,2018,Rural,Excellent,Yes
1065,2620.0,2,2,1,1978,Suburban,Poor,No
1066,2843.0,1,1,3,1979,Rural,Excellent,No
1067,1740.0,1,4,3,1926,Urban,Fair,No
1068,560.0,3,2,2,2003,Suburban,Poor,No
1069,1438.0,1,4,1,1973,Downtown,Good,No
1070,2139.0,4,3,2,1962,Suburban,Good,No
1071,4620.0,5,3,3,1967,Rural,Good,Yes
1072,4726.0,5,1,1,2014,Rural,Fair,Yes
1073,4069.0,5,3,3,1918,Suburban,Fair,Yes
1074,1752.0,2,2,3,1927,Rural,Excellent,No
1075,4703.0,1,3,1,1984,Urban,Good,Yes
1076,671.0,4,1,1,2022,Suburban,Excellent,No
1077,1958.0,2,4,2,2010,Rural,Excellent,Yes
1078,4049.0,3,4,2,1977,Suburban,Poor,No
1079,4697.0,4,3,3,1932,Suburban,Poor,Yes
1080,2822.0,4,2,1,2011,Downtown,Good,No
1081,2136.0,4,1,1,1909,Suburban,Fair,No
1082,3615.0,5,2,2,1982,Downtown,Poor,No
1083,4590.0,4,1,3,1929,Rural,Fair,No
1084,3504.0,1,3,3,1921,Downtown,Excellent,Yes
1085,829.0,4,1,2,1902,Downtown,Excellent,Yes
1086,4140.0,5,1,1,2000,Downtown,Excellent,No
1087,4394.0,4,3,2,2004,Urban,Excellent,No
1088,4607.0,3,2,2,1981,Downtown,Good,No
1089,1841.0,3,3,2,1974,Suburban,Excellent,Yes
1090,4163.0,5,1,2,1947,Downtown,Poor,No
1091,715.0,1,3,1,1901,Suburban,Excellent,No
1092,838.0,1,1,2,1975,Downtown,Fair,Yes
1093,4562.0,2,3,1,1953,Urban,Poor,No
1094,3208.0,5,4,2,1905,Rural,Fair,No
1095,3652.0,4,4,3,2006,Downtown,Fair,Yes
1096,2250.0,5,3,1,2022,Downtown,Good,No
1097,2921.0,2,2,3,1939,Urban,Good,No
1098,1209.0,5,1,2,2007,Downtown,Fair,Yes
1099,4226.0,5,4,2,1992,Suburban,Fair,No
1100,4142.0,2,2,2,2022,Downtown,Excellent,Yes
1101,4493.0,1,1,1,1993,Downtown,Poor,No
1102,988.0,4,4,3,1901,Rural,Excellent,No
1103,546.0,2,4,1,1972,Rural,Good,No
1104,3859.0,3,3,1,2010,Downtown,Good,No
1105,900.0,1,1,2,1901,Urban,Excellent,No
1106,4490.0,3,2,3,1992,Rural,Poor,Yes
1107,3657.0,1,2,2,1996,Downtown,Fair,No
1108,4845.0,4,2,1,1973,Rural,Excellent,No
1109,890.0,4,1,2,1997,Downtown,Good,Yes
1110,4353.0,5,2,3,2007,Rural,Poor,Yes
1111,4930.0,3,2,2,1954,Rural,Good,No
1112,1128.0,1,2,3,1971,Suburban,Poor,Yes
1113,4732.0,4,3,3,2000,Downtown,Poor,No
1114,3430.0,2,3,2,2017,Downtown,Poor,Yes
1115,2021.0,4,1,1,1959,Downtown,Excellent,Yes
1116,1326.0,2,1,2,1996,Downtown,Excellent,No
1117,2000.0,1,2,1,2010,Rural,Excellent,Yes
1118,3794.0,4,3,1,1905,Suburban,Poor,No
1119,2919.0,4,4,2,2007,Suburban,Poor,Yes
1120,1434.0,1,4,1,2003,Urban,Good,Yes
1121,3542.0,4,2,1,2008,Downtown,Fair,Yes
1122,4997.0,2,2,2,1918,Urban,Excellent,No
1123,1966.0,4,3,2,1995,Rural,Poor,No
1124,4061.0,3,3,2,1926,Urban,Good,Yes
1125,1114.0,5,3,1,1900,Downtown,Good,No
1126,1682.0,2,1,3,2006,Suburban,Good,No
1127,3723.0,3,1,1,2015,Suburban,Excellent,No
1128,3167.0,1,2,3,1932,Downtown,Excellent,Yes
1129,630.0,2,1,2,1939,Rural,Fair,No
1130,3483.0,5,3,3,1931,Downtown,Good,Yes
1131,4778.0,5,3,2,1968,Rural,Excellent,Yes
1132,4959.0,1,1,2,1916,Suburban,Good,Yes
1133,538.0,1,4,3,1907,Rural,Poor,Yes
1134,4459.0,2,2,2,1956,Downtown,Good,Yes
1135,4087.0,4,4,3,1941,Downtown,Fair,No
1136,1420.0,1,2,2,1997,Downtown,Excellent,No
1137,3269.0,4,4,1,1908,Rural,Poor,Yes
1138,4611.0,3,1,1,2019,Rural,Excellent,No
1139,992.0,5,2,2,1986,Rural,Poor,No
1140,1631.0,4,2,2,1934,Suburban,Good,No
1141,4021.0,5,2,3,2013,Urban,Good,No
1142,810.0,4,3,1,1970,Urban,Fair,No
1143,1238.0,3,3,3,1978,Downtown,Fair,No
1144,3741.0,1,4,2,1952,Suburban,Poor,No
1145,1045.0,3,1,2,1953,Rural,Fair,Yes
1146,2961.0,1,3,3,1983,Downtown,Fair,Yes
1147,4846.0,1,2,2,2013,Suburban,Fair,Yes
1148,2304.0,5,3,1,1924,Downtown,Fair,No
1149,3712.0,3,1,3,1966,Suburban,Good,No
1150,4310.0,4,3,1,2023,Suburban,Fair,Yes
1151,1313.0,3,2,1,1961,Urban,Good,No
1152,4624.0,5,4,1,1954,Downtown,Good,No
1153,2532.0,1,2,3,1945,Rural,Excellent,Yes
1154,4913.0,5,1,2,1923,Urban,Good,Yes
1155,744.0,2,4,1,1997,Urban,Good,Yes
1156,771.0,2,3,1,1945,Rural,Fair,No
1157,4011.0,4,3,1,1921,Suburban,Good,No
1158,2271.0,5,3,2,1910,Rural,Poor,No
1159,1762.0,4,4,2,1947,Downtown,Fair,Yes
1160,2924.0,4,2,3,1907,Rural,Fair,Yes
1161,4861.0,2,4,2,1938,Suburban,Fair,No
1162,1420.0,4,4,3,2006,Rural,Excellent,Yes
1163,3930.0,2,1,3,1934,Suburban,Fair,Yes
1164,4935.0,1,4,3,1948,Suburban,Good,No
1165,4984.0,5,3,3,1945,Downtown,Poor,Yes
1166,3124.0,4,2,3,1937,Rural,Fair,Yes
1167,4260.0,2,2,1,1907,Rural,Fair,Yes
1168,2550.0,3,2,2,1953,Downtown,Poor,No
1169,4000.0,4,3,1,1936,Suburban,Fair,No
1170,1665.0,1,3,3,1990,Rural,Excellent,Yes
1171,875.0,1,3,2,1991,Downtown,Good,No
1172,2533.0,3,3,1,1939,Suburban,Poor,No
1173,645.0,2,3,1,1933,Downtown,Poor,No
1174,4888.0,4,4,3,1995,Rural,Excellent,Yes
1175,931.0,2,3,1,1978,Downtown,Good,No
1176,1204.0,1,3,1,2007,Urban,Excellent,Yes
1177,3132.0,2,3,1,1916,Suburban,Good,Yes
1178,4994.0,1,3,1,1932,Urban,Excellent,No
1179,1463.0,2,2,1,1946,Urban,Fair,Yes
1180,2734.0,3,3,3,2009,Suburban,Excellent,No
1181,2541.0,5,4,3,1951,Suburban,Poor,No
1182,2328.0,3,4,1,2017,Downtown,Poor,Yes
1183,2608.0,3,4,3,1979,Suburban,Poor,Yes
1184,4568.0,5,1,3,1992,Urban,Excellent,No
1185,1438.0,5,2,2,1908,Urban,Poor,No
1186,1306.0,4,3,1,1932,Rural,Poor,No
1187,1963.0,4,1,3,1959,Suburban,Fair,No
1188,3915.0,3,3,3,2012,Urban,Fair,Yes
1189,510.0,3,1,1,1992,Rural,Good,Yes
1190,2368.0,1,1,2,1976,Rural,Good,Yes
1191,1384.0,1,4,1,1920,Downtown,Good,No
1192,4064.0,4,4,2,1957,Urban,Excellent,Yes
1193,1889.0,4,1,1,1984,Downtown,Good,Yes
1194,3901.0,1,4,1,1968,Urban,Excellent,Yes
1195,4821.0,1,1,1,1909,Downtown,Excellent,Yes
1196,1324.0,2,2,1,1905,Downtown,Good,No
1197,2765.0,2,4,2,2019,Suburban,Good,Yes
1198,1436.0,1,4,2,2014,Downtown,Excellent,Yes
1199,3300.0,2,4,3,2020,Suburban,Fair,Yes
1200,3053.0,5,2,1,1912,Rural,Poor,Yes
1201,4345.0,4,1,2,1964,Urban,Poor,No
1202,2296.0,4,3,2,1919,Rural,Poor,No
1203,553.0,1,4,2,1956,Urban,Fair,Yes
1204,1226.0,3,1,1,2010,Rural,Excellent,No
1205,3236.0,1,2,3,1945,Urban,Good,No
1206,3670.0,2,3,2,1907,Downtown,Excellent,No
1207,2413.0,3,4,1,1909,Urban,Excellent,No
1208,2096.0,2,2,2,1972,Urban,Good,Yes
1209,2414.0,5,2,2,2012,Rural,Fair,No
1210,2966.0,2,3,3,2004,Rural,Poor,No
1211,3237.0,5,1,2,1966,Rural,Poor,Yes
1212,1349.0,5,4,2,1910,Suburban,Excellent,Yes
1213,2609.0,2,4,1,1911,Suburban,Fair,Yes
1214,502.0,2,1,1,1909,Urban,Poor,Yes
1215,4755.0,5,1,3,1924,Urban,Fair,No
1216,4569.0,3,1,1,1948,Downtown,Good,Yes
1217,1392.0,5,3,1,1948,Downtown,Excellent,No
1218,2530.0,4,3,3,1988,Urban,Excellent,No
1219,3660.0,5,4,2,1910,Suburban,Fair,Yes
1220,2876.0,3,3,3,1961,Urban,Poor,Yes
1221,2433.0,4,2,1,2017,Downtown,Fair,No
1222,1880.0,1,4,3,1935,Suburban,Good,No
1223,4181.0,1,3,2,1938,Suburban,Poor,Yes
1224,1790.0,3,1,3,1952,Downtown,Poor,Yes
1225,2140.0,5,2,1,1989,Urban,Fair,Yes
1226,3182.0,2,1,1,1977,Rural,Good,No
1227,1487.0,3,4,3,2002,Urban,Poor,No
1228,1718.0,4,1,2,1955,Urban,Excellent,Yes
1229,1855.0,4,3,3,2003,Downtown,Good,No
1230,4765.0,1,3,2,1900,Suburban,Poor,Yes
1231,4635.0,4,4,2,1955,Downtown,Fair,No
1232,2060.0,3,1,3,2017,Urban,Poor,No
1233,1918.0,4,4,2,1903,Rural,Excellent,Yes
1234,1454.0,3,1,1,1929,Rural,Good,Yes
1235,1483.0,2,2,3,1911,Rural,Poor,Yes
1236,1474.0,1,3,2,2019,Downtown,Excellent,No
1237,4633.0,4,4,1,1934,Suburban,Poor,No
1238,4472.0,3,2,3,1976,Downtown,Poor,Yes
1239,1413.0,5,2,1,1951,Rural,Good,No
1240,536.0,1,4,1,1930,Urban,Fair,Yes
1241,3887.0,2,4,1,2001,Suburban,Fair,No
1242,2211.0,3,2,2,2006,Downtown,Excellent,Yes
1243,3520.0,2,1,3,1986,Downtown,Excellent,No
1244,1295.0,2,2,3,1967,Suburban,Excellent,No
1245,4536.0,4,4,2,1951,Suburban,Good,No
1246,3611.0,4,2,3,1979,Urban,Fair,No
1247,1824.0,3,1,1,1906,Suburban,Excellent,Yes
1248,817.0,5,3,3,1921,Urban,Excellent,No
1249,2896.0,3,3,2,1992,Rural,Poor,Yes
1250,2662.0,5,2,1,1974,Rural,Poor,Yes
1251,3245.0,2,1,2,1955,Downtown,Excellent,Yes
1252,2091.0,1,3,1,1996,Rural,Poor,Yes
1253,3611.0,3,2,1,1957,Rural,Poor,No
1254,4430.0,3,2,3,1992,Urban,Poor,Yes
1255,2496.0,5,1,1,1963,Downtown,Good,No
1256,1812.0,2,4,2,2022,Suburban,Excellent,No
1257,1785.0,2,2,3,2002,Downtown,Excellent,No
1258,4811.0,5,4,2,1911,Rural,Poor,No
1259,2883.0,2,4,1,1906,Suburban,Good,Yes
1260,3739.0,4,3,2,2022,Downtown,Poor,No
1261,2639.0,1,4,2,1954,Downtown,Good,Yes
1262,2204.0,3,1,1,2002,Downtown,Excellent,No
1263,862.0,1,3,3,2005,Downtown,Poor,No
1264,3104.0,3,3,2,1961,Urban,Excellent,Yes
1265,2216.0,4,3,1,2011,Downtown,Good,No
1266,4951.0,2,2,3,1989,Rural,Fair,No
1267,4786.0,5,2,3,2003,Rural,Good,No
1268,4238.0,4,4,3,1972,Urban,Fair,No
1269,2969.0,1,3,2,2004,Suburban,Excellent,No
1270,1056.0,5,3,2,1997,Suburban,Excellent,Yes
1271,1325.0,2,1,2,2008,Rural,Poor,No
1272,3308.0,4,4,3,1976,Rural,Fair,No
1273,3219.0,5,1,2,1954,Urban,Good,Yes
1274,4008.0,4,4,1,2018,Suburban,Excellent,No
1275,4241.0,4,4,2,1935,Suburban,Fair,Yes
1276,2074.0,2,2,2,1988,Downtown,Good,No
1277,4498.0,3,2,3,1923,Downtown,Fair,No
1278,2629.0,5,1,2,1943,Downtown,Good,Yes
1279,2903.0,2,4,1,1916,Urban,Good,No
1280,3829.0,4,3,3,1901,Rural,Good,No
1281,1088.0,2,2,1,1912,Urban,Good,Yes
1282,2512.0,3,3,3,1930,Suburban,Fair,Yes
1283,2047.0,5,1,3,1992,Rural,Fair,No
1284,794.0,3,2,2,2013,Downtown,Poor,Yes
1285,2485.0,1,2,1,1927,Urban,Fair,No
1286,3617.0,5,4,3,1959,Urban,Fair,Yes
1287,2190.0,3,1,2,1926,Downtown,Poor,No
1288,1636.0,4,4,3,1914,Urban,Fair,Yes
1289,2564.0,5,2,3,1994,Downtown,Good,Yes
1290,4955.0,5,1,3,2003,Suburban,Excellent,Yes
1291,1507.0,2,2,3,1978,Rural,Excellent,Yes
1292,3014.0,4,1,3,1932,Suburban,Poor,Yes
1293,4026.0,1,2,3,1919,Suburban,Fair,Yes
1294,1747.0,3,3,2,1941,Downtown,Fair,Yes
1295,4402.0,2,3,3,1911,Urban,Poor,Yes
1296,1935.0,3,4,1,2000,Suburban,Excellent,Yes
1297,1071.0,1,3,2,1972,Suburban,Good,No
1298,2882.0,1,2,1,1922,Suburban,Fair,Yes
1299,1745.0,5,2,3,1971,Urban,Poor,No
1300,2584.0,1,3,1,1995,Urban,Good,Yes
1301,777.0,3,4,3,2011,Downtown,Poor,No
1302,2387.0,4,3,3,1913,Suburban,Poor,No
1303,1765.0,4,1,2,1990,Rural,Poor,Yes
1304,1540.0,5,1,2,1924,Urban,Excellent,Yes
1305,1417.0,3,1,3,1976,Downtown,Excellent,No
1306,1385.0,3,3,2,2018,Suburban,Poor,No
1307,3252.0,1,3,1,1984,Rural,Fair,Yes
1308,521.0,3,3,2,2008,Urban,Good,Yes
1309,3691.0,2,1,2,1930,Rural,Fair,Yes
1310,2853.0,1,4,1,2000,Urban,Excellent,No
1311,1186.0,2,2,2,2011,Downtown,Good,Yes
1312,784.0,5,3,3,2021,Rural,Poor,Yes
1313,4247.0,4,4,1,2006,Suburban,Fair,Yes
1314,1262.0,5,2,3,1953,Suburban,Fair,Yes
1315,2928.0,4,2,1,1904,Urban,Poor,Yes
1316,3007.0,5,2,3,1912,Suburban,Fair,No
1317,528.0,3,4,3,1927,Rural,Excellent,No
1318,1406.0,2,4,2,1942,Downtown,Poor,Yes
1319,3604.0,4,1,3,1988,Urban,Fair,Yes
1320,4499.0,1,4,2,2014,Rural,Poor,No
1321,3494.0,2,4,1,1998,Urban,Good,Yes
1322,3006.0,1,4,3,1946,Downtown,Poor,No
1323,4109.0,2,2,3,2002,Urban,Fair,Yes
1324,4053.0,2,3,1,1970,Suburban,Excellent,No
1325,1953.0,5,1,1,1937,Suburban,Poor,No
1326,3856.0,4,3,3,1995,Urban,Poor,Yes
1327,1015.0,4,3,1,1966,Downtown,Fair,No
1328,538.0,2,4,2,1961,Downtown,Excellent,Yes
1329,3842.0,3,1,1,2008,Suburban,Excellent,No
1330,1386.0,3,3,1,1938,Downtown,Good,Yes
1331,3344.0,1,3,3,1936,Urban,Good,Yes
1332,2704.0,1,1,2,2018,Rural,Fair,Yes
1333,1598.0,5,4,1,2013,Urban,Excellent,No
1334,2323.0,2,3,2,1985,Suburban,Excellent,Yes
1335,3701.0,1,2,2,1907,Suburban,Good,Yes
1336,3655.0,1,3,2,1980,Suburban,Good,Yes
1337,3593.0,2,2,3,1951,Downtown,Fair,No
1338,4030.0,5,4,1,1990,Urban,Excellent,Yes
1339,4278.0,1,3,3,1932,Rural,Poor,No
1340,3396.0,5,1,1,2009,Urban,Good,No
1341,3953.0,4,1,1,1980,Rural,Fair,No
1342,4011.0,5,3,3,1941,Urban,Excellent,Yes
1343,1488.0,3,4,2,1975,Suburban,Excellent,Yes
1344,4616.0,3,4,2,2011,Rural,Good,No
1345,4526.0,5,1,1,2009,Urban,Fair,Yes
1346,4679.0,3,3,3,1926,Downtown,Poor,Yes
1347,2182.0,4,4,2,2011,Downtown,Good,No
1348,4463.0,2,1,2,1907,Urban,Fair,No
1349,1433.0,3,2,1,1922,Suburban,Excellent,Yes
1350,4098.0,3,3,1,2023,Rural,Poor,No
1351,3733.0,5,2,3,2005,Urban,Fair,Yes
1352,2480.0,4,2,1,2012,Downtown,Poor,No
1353,2355.0,2,4,2,1963,Rural,Fair,Yes
1354,3556.0,5,4,2,2022,Downtown,Fair,Yes
1355,1292.0,5,4,2,1992,Downtown,Fair,No
1356,1291.0,4,3,2,2013,Urban,Fair,Yes
1357,2309.0,2,2,3,1919,Downtown,Poor,Yes
1358,2755.0,4,3,3,1915,Rural,Good,No
1359,4110.0,2,4,1,1916,Suburban,Poor,Yes
1360,2107.0,4,2,1,1979,Urban,Fair,Yes
1361,1484.0,5,3,1,1918,Rural,Poor,Yes
1362,4176.0,5,3,3,2019,Urban,Poor,No
1363,3880.0,1,1,2,2019,Downtown,Poor,No
1364,1019.0,3,3,1,1907,Downtown,Fair,No
1365,1090.0,4,4,2,1937,Rural,Poor,No
1366,1550.0,1,3,1,1937,Rural,Excellent,No
1367,4133.0,3,2,1,1952,Suburban,Fair,Yes
1368,4944.0,4,3,1,1992,Rural,Poor,Yes
1369,1459.0,2,1,1,2004,Rural,Excellent,Yes
1370,1192.0,3,2,1,1999,Urban,Poor,No
1371,4399.0,5,2,2,1989,Downtown,Good,Yes
1372,4973.0,1,1,1,1930,Rural,Poor,No
1373,3446.0,3,4,2,1943,Suburban,Poor,Yes
1374,1026.0,3,2,3,1959,Rural,Good,No
1375,3724.0,5,4,1,1975,Downtown,Fair,Yes
1376,2753.0,4,2,2,2018,Rural,Good,Yes
1377,3844.0,2,2,3,1916,Urban,Fair,No
1378,4465.0,5,4,3,1978,Downtown,Good,Yes
1379,2375.0,2,2,3,1972,Rural,Poor,Yes
1380,2263.0,4,4,2,1938,Urban,Poor,No
1381,1020.0,3,1,1,1941,Downtown,Fair,Yes
1382,1516.0,2,4,1,1947,Rural,Fair,Yes
1383,616.0,1,1,2,1911,Urban,Excellent,No
1384,2933.0,1,2,1,1995,Suburban,Excellent,No
1385,1083.0,5,4,2,1988,Urban,Poor,No
1386,894.0,4,2,1,2002,Suburban,Poor,No
1387,4288.0,5,4,3,1917,Rural,Excellent,No
1388,3268.0,5,1,1,1978,Urban,Excellent,Yes
1389,4667.0,5,1,2,1995,Suburban,Fair,No
1390,4360.0,1,4,2,1905,Downtown,Good,No
1391,773.0,1,1,3,2021,Urban,Fair,Yes
1392,2513.0,5,2,2,2007,Rural,Excellent,Yes
1393,4933.0,1,2,1,1942,Downtown,Poor,Yes
1394,1889.0,4,3,1,2015,Suburban,Excellent,Yes
1395,4066.0,5,1,3,1934,Urban,Poor,Yes
1396,665.0,1,2,2,1997,Urban,Poor,No
1397,2067.0,2,4,3,2001,Rural,Poor,Yes
1398,1228.0,5,1,1,2019,Downtown,Poor,No
1399,2543.0,5,2,3,1953,Urban,Good,Yes
1400,4697.0,4,1,2,2020,Urban,Excellent,No
1401,3996.0,3,4,3,1961,Downtown,Fair,Yes
1402,1278.0,3,2,2,1968,Urban,Poor,No
1403,713.0,4,3,2,1981,Downtown,Poor,No
1404,4262.0,4,3,1,1915,Downtown,Fair,No
1405,2076.0,4,1,1,1907,Downtown,Fair,No
1406,2948.0,3,4,1,1988,Rural,Poor,No
1407,3436.0,4,2,2,1995,Downtown,Fair,No
1408,3617.0,1,4,3,1989,Downtown,Fair,No
1409,1091.0,5,2,2,2015,Suburban,Good,No
1410,3220.0,5,1,1,1985,Suburban,Fair,No
1411,1213.0,2,2,1,1930,Rural,Excellent,No
1412,1435.0,2,4,3,2006,Downtown,Excellent,Yes
1413,4837.0,5,4,1,1909,Suburban,Excellent,No
1414,501.0,1,1,1,1955,Suburban,Poor,No
1415,3348.0,3,4,1,2020,Urban,Excellent,Yes
1416,4544.0,3,2,3,1975,Downtown,Good,No
1417,2449.0,1,1,2,2016,Suburban,Excellent,No
1418,1417.0,3,2,1,1991,Rural,Poor,Yes
1419,3674.0,4,4,3,1969,Urban,Good,Yes
1420,2741.0,5,1,1,2022,Urban,Excellent,No
1421,589.0,5,2,3,1919,Downtown,Good,Yes
1422,2209.0,1,4,1,1904,Downtown,Good,No
1423,2669.0,3,4,3,1922,Urban,Poor,No
1424,4738.0,2,3,1,1908,Rural,Poor,No
1425,3541.0,2,4,2,1957,Downtown,Good,Yes
1426,605.0,3,2,1,1958,Downtown,Excellent,No
1427,1386.0,2,1,3,1992,Urban,Poor,No
1428,927.0,1,3,1,1979,Urban,Good,Yes
1429,2395.0,1,4,2,1953,Downtown,Fair,No
1430,816.0,3,4,1,1945,Suburban,Fair,No
1431,1134.0,2,4,3,1921,Downtown,Poor,No
1432,2425.0,1,2,3,1963,Suburban,Excellent,No
1433,2556.0,1,3,2,1907,Urban,Fair,No
1434,3644.0,4,2,3,2022,Suburban,Fair,No
1435,2770.0,4,3,1,1919,Rural,Fair,Yes
1436,1939.0,1,1,1,1950,Urban,Excellent,No
1437,1052.0,3,2,1,1977,Downtown,Excellent,No
1438,1215.0,5,2,3,1938,Downtown,Poor,Yes
1439,4411.0,5,1,1,1936,Urban,Poor,No
1440,2213.0,1,3,1,1949,Urban,Fair,No
1441,3889.0,1,4,1,1933,Rural,Excellent,Yes
1442,1607.0,1,1,2,1974,Urban,Good,Yes
1443,4706.0,3,4,3,2017,Downtown,Fair,Yes
1444,750.0,4,4,3,2003,Rural,Poor,Yes
1445,2930.0,1,1,3,1932,Downtown,Excellent,Yes
1446,2554.0,1,3,2,1930,Suburban,Poor,Yes
1447,958.0,2,4,3,2022,Urban,Poor,Yes
1448,707.0,3,1,2,1953,Suburban,Excellent,No
1449,1399.0,1,2,2,1943,Downtown,Fair,No
1450,3961.0,2,2,3,1933,Suburban,Excellent,No
1451,3885.0,5,2,1,2013,Suburban,Fair,Yes
1452,521.0,1,1,1,1970,Downtown,Poor,No
1453,909.0,1,2,3,2021,Downtown,Excellent,Yes
1454,1394.0,2,4,3,2012,Urban,Good,No
1455,1014.0,3,2,2,2017,Suburban,Fair,No
1456,4609.0,1,2,3,1961,Rural,Good,No
1457,2634.0,5,4,2,1922,Rural,Fair,No
1458,4095.0,1,2,3,1945,Downtown,Excellent,Yes
1459,3456.0,5,4,1,1955,Downtown,Good,Yes
1460,2060.0,4,2,1,1906,Suburban,Excellent,No
1461,1766.0,4,4,3,2017,Downtown,Fair,Yes
1462,2669.0,5,2,2,1988,Rural,Fair,Yes
1463,4138.0,3,4,1,1960,Urban,Fair,No
1464,1249.0,1,1,2,1902,Urban,Fair,Yes
1465,3927.0,1,4,3,2022,Suburban,Poor,Yes
1466,2427.0,4,2,3,1937,Urban,Fair,Yes
1467,4304.0,5,2,1,1983,Downtown,Good,Yes
1468,4202.0,1,3,3,1933,Downtown,Fair,No
1469,2856.0,1,4,1,2012,Downtown,Excellent,No
1470,2835.0,3,1,2,1943,Downtown,Poor,Yes
1471,806.0,2,4,1,2007,Suburban,Good,No
1472,4165.0,4,4,1,1929,Urban,Poor,No
1473,2489.0,4,1,2,1916,Rural,Poor,No
1474,1161.0,2,4,1,1958,Urban,Poor,Yes
1475,811.0,1,1,1,1909,Downtown,Excellent,Yes
1476,3420.0,3,1,3,1998,Rural,Poor,No
1477,1582.0,3,4,2,1983,Suburban,Poor,No
1478,3471.0,4,4,1,1917,Downtown,Fair,Yes
1479,1254.0,3,2,2,1944,Downtown,Excellent,No
1480,4630.0,2,2,2,2007,Rural,Good,Yes
1481,852.0,1,3,1,1990,Suburban,Good,No
1482,1402.0,2,3,3,1958,Rural,Good,Yes
1483,4388.0,5,4,2,1961,Suburban,Excellent,Yes
1484,658.0,4,1,1,1958,Downtown,Good,Yes
1485,2477.0,3,3,2,1948,Urban,Excellent,Yes
1486,1456.0,5,4,3,1999,Downtown,Fair,No
1487,2571.0,3,3,3,1962,Urban,Fair,Yes
1488,903.0,1,1,3,1986,Urban,Excellent,No
1489,3279.0,1,4,1,1931,Suburban,Good,Yes
1490,1887.0,1,1,1,1909,Rural,Excellent,Yes
1491,3953.0,3,4,3,1910,Suburban,Excellent,No
1492,1455.0,5,3,1,2001,Downtown,Poor,No
1493,2212.0,1,2,3,1969,Rural,Excellent,No
1494,1773.0,5,3,1,2022,Urban,Poor,Yes
1495,4311.0,3,3,3,2004,Urban,Fair,Yes
1496,3125.0,5,2,2,1961,Downtown,Poor,No
1497,2882.0,3,2,3,1946,Rural,Excellent,Yes
1498,1941.0,3,4,3,1933,Downtown,Fair,No
1499,3479.0,4,4,1,1999,Downtown,Poor,Yes
1500,2297.0,3,1,1,2000,Suburban,Excellent,Yes
1501,4890.0,3,1,1,1916,Downtown,Fair,Yes
1502,4509.0,2,3,1,2003,Rural,Poor,No
1503,1894.0,1,2,1,2003,Downtown,Excellent,Yes
1504,4781.0,4,1,1,1953,Rural,Excellent,No
1505,1769.0,4,3,2,1975,Urban,Good,No
1506,4214.0,4,2,3,1984,Downtown,Good,Yes
1507,1029.0,2,4,3,1939,Rural,Poor,No
1508,4123.0,3,3,3,1918,Urban,Poor,No
1509,3458.0,1,4,2,1966,Rural,Poor,Yes
1510,3414.0,5,1,3,1981,Urban,Excellent,No
1511,4091.0,3,1,2,1952,Suburban,Poor,No
1512,2647.0,2,2,2,2014,Downtown,Excellent,Yes
1513,3869.0,3,3,2,1963,Downtown,Poor,Yes
1514,1439.0,3,4,3,1982,Urban,Excellent,Yes
1515,1025.0,2,2,2,1946,Suburban,Excellent,No
1516,501.0,4,1,3,1905,Rural,Good,No
1517,874.0,4,1,3,1915,Suburban,Fair,Yes
1518,2840.0,1,3,1,1971,Rural,Excellent,No
1519,4505.0,1,4,1,2011,Rural,Poor,Yes
1520,3552.0,4,3,2,1917,Downtown,Good,Yes
1521,2865.0,5,4,2,1951,Urban,Poor,Yes
1522,2025.0,3,4,3,1947,Downtown,Poor,No
1523,4976.0,5,3,2,1942,Downtown,Excellent,No
1524,2146.0,3,2,2,1938,Downtown,Excellent,Yes
1525,513.0,4,3,3,1948,Rural,Fair,Yes
1526,2778.0,1,3,2,2012,Downtown,Excellent,No
1527,3655.0,1,1,2,1911,Rural,Excellent,Yes
1528,629.0,5,1,3,2008,Urban,Fair,No
1529,4314.0,1,3,3,1909,Rural,Poor,Yes
1530,3716.0,4,3,1,1970,Rural,Fair,Yes
1531,3438.0,5,1,3,2009,Suburban,Fair,No
1532,4428.0,3,4,1,1954,Downtown,Fair,No
1533,2540.0,1,3,2,1900,Downtown,Good,No
1534,527.0,2,2,3,1948,Downtown,Poor,No
1535,2613.0,1,2,3,1935,Downtown,Good,No
1536,1752.0,3,2,3,1920,Suburban,Good,Yes
1537,4856.0,5,3,2,1936,Suburban,Excellent,Yes
1538,2546.0,3,4,1,2015,Suburban,Fair,No
1539,4523.0,2,4,2,1923,Suburban,Fair,No
1540,4896.0,4,1,2,1954,Downtown,Good,Yes
1541,3874.0,1,3,3,1924,Rural,Excellent,Yes
1542,3966.0,5,4,1,1906,Urban,Excellent,No
1543,3581.0,4,3,2,2005,Suburban,Excellent,No
1544,4278.0,3,1,3,1980,Rural,Poor,Yes
1545,1129.0,5,1,2,1992,Suburban,Good,No
1546,769.0,4,1,2,1993,Downtown,Poor,Yes
1547,3139.0,5,2,3,1970,Downtown,Excellent,Yes
1548,2493.0,2,3,3,1996,Rural,Excellent,No
1549,3391.0,2,1,1,1970,Rural,Excellent,Yes
1550,3932.0,1,3,2,2021,Rural,Fair,Yes
1551,1780.0,1,2,3,1923,Downtown,Good,Yes
1552,2860.0,2,2,3,1910,Downtown,Fair,No
1553,1075.0,5,1,1,1972,Urban,Poor,Yes
1554,1807.0,2,1,1,1911,Rural,Fair,No
1555,3692.0,1,4,3,1934,Urban,Good,Yes
1556,3678.0,2,3,1,1962,Suburban,Fair,Yes
1557,3234.0,2,1,3,1967,Urban,Excellent,Yes
1558,2712.0,5,4,2,1999,Suburban,Poor,Yes
1559,2852.0,4,3,1,1991,Suburban,Poor,Yes
1560,4068.0,1,1,2,1956,Urban,Excellent,No
1561,2155.0,5,4,2,1912,Rural,Excellent,No
1562,2079.0,2,4,2,1922,Suburban,Excellent,Yes
1563,2703.0,2,3,3,1982,Rural,Good,No
1564,1890.0,4,4,2,2005,Downtown,Fair,No
1565,2242.0,1,3,2,2000,Suburban,Poor,Yes
1566,2425.0,1,3,2,1938,Downtown,Fair,No
1567,1119.0,3,3,3,1987,Urban,Excellent,No
1568,1774.0,1,2,2,1979,Rural,Excellent,No
1569,1456.0,4,4,2,1996,Urban,Fair,No
1570,2439.0,3,3,1,1911,Suburban,Poor,Yes
1571,4453.0,3,1,3,1933,Downtown,Good,No
1572,2881.0,2,2,2,1970,Suburban,Fair,Yes
1573,1468.0,2,2,1,1974,Urban,Excellent,Yes
1574,1816.0,1,4,3,1930,Rural,Excellent,No
1575,1543.0,3,3,3,1992,Rural,Good,Yes
1576,781.0,2,4,3,1961,Suburban,Fair,No
1577,3344.0,4,2,3,1912,Suburban,Good,Yes
1578,1558.0,2,3,3,1930,Downtown,Good,No
1579,4793.0,2,1,3,1901,Urban,Poor,No
1580,3032.0,3,3,2,2002,Suburban,Poor,Yes
1581,4328.0,3,2,2,1914,Downtown,Excellent,No
1582,1508.0,5,1,2,1956,Suburban,Fair,No
1583,1729.0,4,3,2,1974,Rural,Poor,No
1584,1535.0,3,1,1,1933,Downtown,Excellent,No
1585,775.0,1,1,2,2002,Downtown,Fair,Yes
1586,3240.0,4,2,3,1967,Suburban,Excellent,Yes
1587,2789.0,4,1,2,1974,Urban,Poor,Yes
1588,1739.0,3,4,2,1928,Rural,Excellent,No
1589,625.0,4,2,3,1965,Urban,Fair,Yes
1590,4565.0,3,4,2,1915,Downtown,Fair,No
1591,4812.0,2,1,2,1938,Urban,Excellent,No
1592,4368.0,5,4,2,1976,Downtown,Fair,No
1593,1708.0,2,3,1,1936,Urban,Excellent,Yes
1594,3749.0,3,1,2,1980,Suburban,Fair,Yes
1595,1418.0,3,3,3,1920,Urban,Excellent,Yes
1596,4423.0,2,4,3,1943,Downtown,Excellent,Yes
1597,4903.0,1,3,2,2023,Rural,Excellent,No
1598,2469.0,1,1,2,1918,Rural,Good,Yes
1599,3293.0,1,3,2,1970,Rural,Fair,Yes
1600,1391.0,3,4,3,2001,Downtown,Poor,Yes
1601,4970.0,4,4,3,1907,Urban,Excellent,Yes
1602,2533.0,3,4,1,1976,Rural,Good,No
1603,1864.0,4,1,1,2000,Rural,Poor,Yes
1604,628.0,2,4,1,1965,Rural,Excellent,Yes
1605,1514.0,5,1,3,1940,Suburban,Poor,Yes
1606,2299.0,4,3,1,1974,Downtown,Good,No
1607,2018.0,1,4,2,1987,Downtown,Poor,Yes
1608,4681.0,3,3,2,1969,Downtown,Excellent,Yes
1609,1698.0,2,2,3,1960,Downtown,Poor,Yes
1610,4373.0,1,3,1,1925,Downtown,Poor,No
1611,2974.0,2,2,2,1970,Suburban,Excellent,No
1612,3985.0,5,3,3,2020,Urban,Good,Yes
1613,4549.0,3,1,1,2002,Suburban,Good,Yes
1614,4219.0,3,3,2,1982,Rural,Poor,No
1615,802.0,5,1,1,1969,Suburban,Fair,No
1616,4452.0,3,1,3,2006,Downtown,Poor,No
1617,1486.0,4,4,1,1928,Suburban,Fair,No
1618,2363.0,2,1,3,2006,Downtown,Poor,No
1619,4940.0,1,2,1,2002,Suburban,Good,Yes
1620,3572.0,5,4,2,1965,Downtown,Poor,Yes
1621,3624.0,4,4,3,1918,Rural,Poor,Yes
1622,1827.0,1,3,3,1967,Downtown,Fair,Yes
1623,2908.0,1,1,3,1957,Suburban,Good,No
1624,4173.0,5,1,1,1969,Rural,Fair,No
1625,3791.0,4,2,1,2012,Suburban,Poor,No
1626,4533.0,1,3,2,1956,Rural,Excellent,No
1627,1203.0,1,3,3,1936,Urban,Poor,No
1628,1074.0,4,4,3,1960,Urban,Poor,Yes
1629,3732.0,3,4,1,1991,Urban,Fair,Yes
1630,3132.0,1,4,1,1929,Suburban,Excellent,Yes
1631,4328.0,2,2,2,1970,Suburban,Excellent,Yes
1632,3730.0,4,2,2,1972,Rural,Fair,Yes
1633,988.0,1,4,1,1924,Rural,Good,No
1634,1847.0,5,3,3,1996,Rural,Excellent,No
1635,4181.0,2,2,2,1964,Rural,Excellent,No
1636,3673.0,1,3,1,2014,Downtown,Fair,No
1637,2167.0,2,3,1,1905,Urban,Good,No
1638,2137.0,2,1,3,1917,Downtown,Good,Yes
1639,4614.0,3,4,1,1909,Downtown,Poor,Yes
1640,4053.0,2,1,1,1991,Downtown,Poor,Yes
1641,1500.0,3,4,2,1910,Downtown,Fair,No
1642,1350.0,4,4,1,1996,Urban,Good,No
1643,1888.0,3,3,1,1964,Downtown,Fair,No
1644,4212.0,5,4,2,1976,Rural,Poor,No
1645,1867.0,1,3,3,2000,Suburban,Fair,Yes
1646,1321.0,4,3,3,1983,Rural,Fair,No
1647,954.0,4,4,2,1964,Suburban,Excellent,Yes
1648,2124.0,5,3,2,1951,Rural,Excellent,No
1649,3272.0,3,3,3,1966,Rural,Excellent,Yes
1650,4226.0,1,3,3,1981,Suburban,Poor,No
1651,3647.0,3,2,3,2004,Urban,Fair,No
1652,4589.0,2,3,3,1977,Downtown,Excellent,Yes
1653,2690.0,3,2,3,1930,Rural,Excellent,Yes
1654,1416.0,4,2,2,1990,Urban,Excellent,No
1655,4486.0,1,3,1,1916,Downtown,Poor,Yes
1656,3375.0,3,3,3,1954,Urban,Poor,No
1657,1940.0,1,2,3,2009,Urban,Fair,No
1658,4900.0,1,2,1,1992,Downtown,Fair,Yes
1659,1235.0,2,3,1,1935,Rural,Fair,No
1660,4068.0,2,3,1,2000,Urban,Excellent,No
1661,3838.0,4,4,1,1925,Rural,Good,Yes
1662,3515.0,5,2,1,1952,Rural,Poor,No
1663,3389.0,1,2,1,1916,Rural,Excellent,No
1664,1461.0,5,4,2,1985,Downtown,Excellent,No
1665,3489.0,4,2,1,1924,Suburban,Fair,No
1666,4348.0,1,1,1,1901,Rural,Fair,Yes
1667,1526.0,1,2,2,2018,Suburban,Excellent,Yes
1668,4365.0,5,4,1,1985,Suburban,Poor,Yes
1669,3363.0,3,1,3,1904,Urban,Poor,No
1670,3001.0,2,3,3,1903,Rural,Excellent,Yes
1671,2447.0,3,4,1,1935,Rural,Good,Yes
1672,1677.0,5,4,2,1905,Rural,Good,Yes
1673,511.0,2,3,3,2015,Suburban,Poor,No
1674,4899.0,3,4,2,1920,Downtown,Fair,Yes
1675,3864.0,2,2,3,1976,Suburban,Good,Yes
1676,3522.0,1,3,1,2017,Rural,Good,No
1677,3871.0,3,4,2,2000,Rural,Fair,No
1678,3330.0,2,3,2,2018,Rural,Good,No
1679,542.0,2,3,2,1988,Suburban,Excellent,No
1680,1443.0,2,3,3,1925,Rural,Good,No
1681,2890.0,3,1,3,1954,Urban,Fair,No
1682,3045.0,4,4,3,1938,Rural,Excellent,Yes
1683,2911.0,3,1,1,1983,Downtown,Good,Yes
1684,1504.0,5,4,3,1932,Urban,Poor,No
1685,520.0,3,2,1,1913,Rural,Excellent,No
1686,906.0,2,2,2,1955,Urban,Excellent,Yes
1687,1514.0,1,2,2,1999,Rural,Poor,No
1688,4931.0,3,4,1,1980,Downtown,Poor,No
1689,2338.0,3,3,3,1920,Rural,Good,Yes
1690,3688.0,2,3,1,1945,Urban,Good,No
1691,1214.0,1,1,2,1915,Downtown,Fair,No
1692,4646.0,1,1,2,2009,Suburban,Fair,Yes
1693,4354.0,5,2,1,1915,Downtown,Excellent,Yes
1694,4919.0,3,1,3,2019,Downtown,Poor,Yes
1695,640.0,1,4,3,1983,Downtown,Poor,Yes
1696,1463.0,1,4,1,1928,Urban,Fair,Yes
1697,872.0,4,1,1,1991,Downtown,Excellent,No
1698,4135.0,4,1,3,1907,Rural,Excellent,No
1699,3041.0,1,1,2,1987,Downtown,Fair,No
1700,4110.0,5,1,1,1902,Downtown,Fair,No
1701,2192.0,1,2,3,1988,Rural,Fair,No
1702,605.0,2,2,3,1918,Rural,Good,Yes
1703,2181.0,3,1,2,1996,Suburban,Excellent,No
1704,4597.0,5,4,2,1965,Downtown,Excellent,No
1705,4516.0,2,2,2,1978,Urban,Excellent,No
1706,3136.0,5,4,2,1985,Downtown,Fair,No
1707,2637.0,2,3,2,2023,Downtown,Fair,No
1708,3916.0,3,4,1,1973,Rural,Fair,Yes
1709,4945.0,3,1,3,1981,Suburban,Fair,No
1710,4030.0,4,3,1,1921,Downtown,Poor,No
1711,1786.0,2,2,1,1945,Urban,Fair,No
1712,3679.0,4,2,1,2012,Downtown,Good,No
1713,4154.0,2,3,1,1990,Urban,Poor,No
1714,2859.0,4,4,1,1912,Rural,Poor,No
1715,944.0,3,2,2,1932,Suburban,Fair,Yes
1716,535.0,5,1,2,1904,Downtown,Excellent,No
1717,1975.0,4,3,3,1989,Suburban,Fair,Yes
1718,4457.0,2,1,1,1976,Downtown,Excellent,Yes
1719,2298.0,2,3,3,1926,Urban,Fair,No
1720,2345.0,3,2,2,2020,Suburban,Fair,No
1721,1908.0,2,4,2,1977,Downtown,Excellent,No
1722,2208.0,1,3,2,1923,Rural,Excellent,Yes
1723,3438.0,5,3,1,1966,Urban,Excellent,No
1724,1800.0,4,1,1,2010,Suburban,Excellent,No
1725,1743.0,5,2,2,2014,Downtown,Good,No
1726,4476.0,3,1,3,1962,Suburban,Excellent,Yes
1727,3597.0,4,2,3,2012,Downtown,Fair,Yes
1728,509.0,4,1,2,1993,Urban,Fair,No
1729,2925.0,1,3,3,1998,Rural,Good,Yes
1730,2160.0,3,1,2,1947,Urban,Excellent,No
1731,3131.0,2,4,3,1962,Suburban,Fair,Yes
1732,1572.0,1,2,2,1977,Suburban,Good,No
1733,3725.0,1,2,3,1911,Downtown,Fair,Yes
1734,1816.0,5,3,1,1927,Urban,Good,No
1735,4645.0,5,2,2,1943,Downtown,Good,No
1736,4183.0,5,4,2,1992,Urban,Poor,Yes
1737,3773.0,1,1,3,1942,Suburban,Poor,Yes
1738,645.0,2,3,2,1916,Downtown,Excellent,Yes
1739,3540.0,4,4,2,1939,Downtown,Poor,Yes
1740,1962.0,5,2,2,1948,Urban,Good,Yes
1741,2084.0,2,2,1,1984,Rural,Fair,No
1742,982.0,3,4,1,1956,Urban,Fair,No
1743,3679.0,5,1,3,1986,Rural,Excellent,Yes
1744,1749.0,4,1,1,1983,Urban,Poor,No
1745,1130.0,3,3,3,1963,Suburban,Excellent,No
1746,1161.0,3,2,1,1974,Downtown,Good,Yes
1747,4003.0,4,4,3,1956,Urban,Poor,No
1748,3352.0,5,1,1,2020,Suburban,Excellent,No
1749,2966.0,1,3,1,1997,Urban,Fair,Yes
1750,1487.0,4,2,3,1973,Downtown,Fair,Yes
1751,2046.0,4,2,2,1973,Urban,Excellent,No
1752,1149.0,4,3,2,2006,Rural,Excellent,Yes
1753,1468.0,3,3,1,2023,Downtown,Excellent,No
1754,3137.0,2,1,3,1969,Rural,Good,Yes
1755,1600.0,1,4,2,1999,Suburban,Good,Yes
1756,940.0,5,2,3,1987,Suburban,Fair,Yes
1757,1269.0,5,4,2,1975,Urban,Good,Yes
1758,1843.0,2,2,3,1942,Rural,Good,No
1759,4858.0,4,2,1,2018,Rural,Poor,Yes
1760,4229.0,1,4,3,1922,Downtown,Good,Yes
1761,4406.0,5,3,2,1926,Rural,Poor,No
1762,2077.0,5,1,1,1957,Rural,Good,No
1763,4508.0,4,2,3,2020,Downtown,Fair,No
1764,3851.0,2,3,2,2008,Downtown,Excellent,No
1765,2849.0,1,2,1,1936,Rural,Fair,Yes
1766,4102.0,2,1,3,1905,Urban,Good,No
1767,1741.0,2,2,2,1964,Downtown,Excellent,Yes
1768,1625.0,1,1,3,1905,Downtown,Excellent,No
1769,3101.0,1,1,3,1949,Rural,Excellent,Yes
1770,1690.0,5,2,1,1921,Rural,Poor,No
1771,4631.0,5,2,1,2004,Downtown,Fair,Yes
1772,4948.0,1,1,2,1987,Rural,Poor,Yes
1773,572.0,3,3,1,1924,Downtown,Excellent,No
1774,2414.0,5,4,2,1978,Urban,Fair,Yes
1775,2972.0,3,1,3,1989,Urban,Fair,Yes
1776,3546.0,1,2,3,1971,Downtown,Good,Yes
1777,1207.0,5,2,2,1950,Downtown,Poor,Yes
1778,2304.0,2,3,3,1987,Suburban,Poor,No
1779,4213.0,1,4,1,1947,Suburban,Good,Yes
1780,3064.0,4,1,3,2001,Rural,Poor,Yes
1781,2975.0,3,1,1,1969,Rural,Excellent,No
1782,4110.0,1,4,2,2017,Downtown,Excellent,No
1783,4755.0,1,1,2,1998,Downtown,Poor,No
1784,3323.0,5,4,3,2005,Suburban,Good,Yes
1785,2235.0,5,2,3,1964,Suburban,Fair,Yes
1786,2085.0,5,4,1,1959,Downtown,Poor,No
1787,566.0,4,1,1,1945,Urban,Fair,Yes
1788,3561.0,5,4,3,1935,Urban,Good,No
1789,2928.0,1,3,3,1957,Rural,Fair,Yes
1790,4653.0,5,2,2,1975,Downtown,Good,No
1791,841.0,2,2,2,1937,Downtown,Good,Yes
1792,3274.0,5,4,2,1910,Rural,Excellent,No
1793,3317.0,4,1,3,1911,Suburban,Excellent,Yes
1794,3161.0,2,3,3,1941,Suburban,Good,No
1795,1732.0,1,2,3,2013,Urban,Poor,Yes
1796,4374.0,1,2,2,1938,Downtown,Excellent,Yes
1797,2901.0,3,1,3,1970,Suburban,Good,Yes
1798,1994.0,2,1,1,1910,Urban,Fair,No
1799,4711.0,3,3,3,1935,Urban,Fair,Yes
1800,1161.0,2,4,3,1951,Urban,Poor,Yes
1801,4383.0,2,1,3,1930,Suburban,Fair,Yes
1802,4119.0,4,4,3,1932,Suburban,Fair,No
1803,2368.0,3,3,3,1912,Downtown,Good,Yes
1804,2834.0,4,4,1,1917,Downtown,Fair,No
1805,3874.0,2,2,1,1940,Urban,Fair,Yes
1806,1516.0,1,4,3,1957,Urban,Fair,No
1807,4906.0,2,3,2,1955,Suburban,Fair,No
1808,707.0,4,3,3,1923,Suburban,Good,Yes
1809,3165.0,3,3,3,1972,Downtown,Fair,No
1810,2993.0,3,4,3,1930,Downtown,Poor,No
1811,1132.0,4,2,2,1954,Rural,Excellent,Yes
1812,2602.0,3,1,2,2004,Downtown,Poor,No
1813,3459.0,5,2,2,1909,Suburban,Excellent,No
1814,3583.0,1,4,1,1959,Urban,Poor,No
1815,2431.0,1,4,2,1901,Rural,Excellent,No
1816,4219.0,1,1,1,2001,Downtown,Excellent,Yes
1817,3062.0,3,4,1,1914,Downtown,Excellent,No
1818,2179.0,3,3,2,1902,Suburban,Excellent,No
1819,736.0,2,3,2,1942,Rural,Good,Yes
1820,4943.0,2,3,2,1930,Downtown,Poor,Yes
1821,2040.0,1,3,1,1969,Urban,Excellent,No
1822,4443.0,5,3,3,1966,Suburban,Poor,Yes
1823,863.0,2,4,2,1955,Rural,Fair,Yes
1824,2868.0,2,1,2,1962,Downtown,Excellent,Yes
1825,785.0,3,1,2,1974,Downtown,Poor,Yes
1826,648.0,5,3,1,1914,Rural,Good,Yes
1827,4537.0,1,4,1,2008,Suburban,Poor,Yes
1828,2266.0,2,2,3,2015,Rural,Excellent,Yes
1829,1512.0,5,2,2,1991,Rural,Fair,Yes
1830,3331.0,5,4,1,1909,Suburban,Poor,Yes
1831,3007.0,1,3,3,1937,Downtown,Fair,No
1832,2023.0,5,1,2,1946,Urban,Good,No
1833,3285.0,5,4,1,1956,Suburban,Poor,No
1834,3056.0,5,2,2,1949,Urban,Poor,No
1835,4225.0,2,2,2,2013,Downtown,Good,No
1836,2101.0,1,2,1,1970,Rural,Good,Yes
1837,2908.0,5,3,1,1914,Urban,Good,Yes
1838,840.0,5,2,1,1917,Downtown,Excellent,No
1839,3317.0,2,4,2,1981,Downtown,Excellent,No
1840,2996.0,1,4,2,2015,Rural,Poor,Yes
1841,2225.0,3,2,3,2004,Rural,Poor,No
1842,2189.0,2,4,2,1987,Downtown,Poor,Yes
1843,3767.0,1,2,1,1901,Downtown,Fair,No
1844,4906.0,5,2,2,2003,Urban,Good,Yes
1845,761.0,1,1,3,1983,Downtown,Poor,No
1846,1942.0,1,3,3,1997,Downtown,Good,Yes
1847,905.0,1,3,1,1942,Urban,Excellent,No
1848,2690.0,3,1,1,1925,Suburban,Good,No
1849,4937.0,1,1,3,1970,Urban,Fair,Yes
1850,743.0,3,3,3,1937,Urban,Fair,Yes
1851,4607.0,5,2,3,1993,Rural,Good,No
1852,1060.0,3,2,1,1941,Urban,Fair,No
1853,4637.0,5,3,3,1904,Downtown,Fair,Yes
1854,3225.0,5,2,3,1910,Downtown,Excellent,Yes
1855,1093.0,3,1,1,1964,Downtown,Poor,Yes
1856,2326.0,2,2,2,1933,Suburban,Fair,No
1857,3729.0,4,2,2,2019,Downtown,Poor,No
1858,3787.0,1,4,3,1900,Suburban,Good,Yes
1859,4573.0,4,4,2,1982,Downtown,Good,No
1860,633.0,1,4,2,1901,Urban,Fair,No
1861,3638.0,1,2,2,1984,Rural,Good,Yes
1862,4419.0,5,3,2,1919,Downtown,Excellent,No
1863,572.0,1,1,3,1960,Suburban,Fair,Yes
1864,4994.0,1,2,2,1986,Suburban,Fair,Yes
1865,4725.0,3,3,2,1920,Rural,Fair,No
1866,3478.0,4,2,1,1987,Downtown,Good,No
1867,4861.0,3,1,3,1967,Urban,Good,Yes
1868,2485.0,1,2,1,1911,Downtown,Fair,Yes
1869,1292.0,5,1,1,1921,Downtown,Poor,Yes
1870,4759.0,3,2,3,1919,Rural,Good,No
1871,594.0,3,1,2,1981,Downtown,Good,Yes
1872,1633.0,2,2,1,1900,Urban,Fair,Yes
1873,737.0,1,1,3,1929,Suburban,Poor,Yes
1874,3446.0,5,4,2,1996,Rural,Fair,Yes
1875,3030.0,3,2,3,1923,Urban,Good,No
1876,2460.0,3,2,1,1913,Suburban,Fair,No
1877,1548.0,5,3,2,1935,Rural,Fair,Yes
1878,3029.0,1,3,2,1968,Rural,Fair,No
1879,3464.0,2,1,3,1974,Suburban,Poor,No
1880,1463.0,3,2,2,1923,Suburban,Fair,No
1881,1036.0,2,1,1,1959,Urban,Good,Yes
1882,4723.0,4,4,1,1994,Downtown,Fair,No
1883,4179.0,1,3,1,1954,Downtown,Poor,No
1884,4687.0,4,1,3,1976,Downtown,Excellent,Yes
1885,4224.0,4,1,2,1979,Downtown,Poor,Yes
1886,1042.0,4,3,2,1923,Downtown,Fair,No
1887,1345.0,1,2,2,1976,Urban,Excellent,No
1888,4103.0,1,1,1,1923,Rural,Fair,Yes
1889,3536.0,5,3,2,1953,Urban,Poor,Yes
1890,2994.0,2,2,1,1925,Urban,Excellent,Yes
1891,4985.0,2,4,2,1965,Urban,Excellent,Yes
1892,3219.0,5,3,1,1979,Rural,Fair,No
1893,2384.0,5,1,2,1937,Urban,Fair,Yes
1894,4638.0,4,4,3,2009,Urban,Poor,No
1895,4849.0,5,2,3,1964,Rural,Fair,No
1896,3701.0,3,2,1,2012,Urban,Excellent,No
1897,3210.0,2,3,1,1974,Downtown,Good,Yes
1898,2453.0,5,3,2,1950,Suburban,Good,Yes
1899,4350.0,3,3,2,1934,Urban,Poor,No
1900,1189.0,3,2,3,1942,Suburban,Fair,No
1901,2450.0,3,4,2,1928,Urban,Poor,No
1902,956.0,3,2,1,1936,Urban,Good,No
1903,2630.0,4,1,1,1980,Downtown,Good,No
1904,4476.0,3,2,1,1957,Rural,Fair,Yes
1905,4744.0,4,1,1,1953,Suburban,Excellent,Yes
1906,1679.0,4,4,1,1938,Rural,Fair,Yes
1907,4785.0,3,3,3,1941,Downtown,Good,No
1908,4065.0,2,3,3,1927,Downtown,Excellent,No
1909,1382.0,3,2,1,1928,Suburban,Poor,Yes
1910,899.0,3,3,2,1942,Rural,Good,Yes
1911,1108.0,3,4,1,1902,Downtown,Poor,No
1912,2138.0,2,3,3,2015,Urban,Excellent,Yes
1913,2648.0,1,2,1,1909,Urban,Poor,Yes
1914,1882.0,1,4,3,1958,Urban,Good,Yes
1915,1903.0,4,1,3,2005,Rural,Fair,No
1916,1319.0,4,2,1,1913,Urban,Poor,No
1917,3792.0,2,1,1,1975,Urban,Good,Yes
1918,1319.0,5,4,2,1946,Downtown,Good,No
1919,919.0,1,2,3,1941,Downtown,Excellent,Yes
1920,4719.0,4,2,2,1993,Urban,Good,Yes
1921,3802.0,1,4,1,1931,Urban,Fair,No
1922,2008.0,2,3,3,1931,Downtown,Fair,No
1923,1267.0,2,2,2,1941,Suburban,Poor,No
1924,2544.0,5,2,2,1931,Rural,Poor,Yes
1925,2639.0,5,1,2,1925,Rural,Poor,Yes
1926,3529.0,2,3,1,2014,Downtown,Poor,Yes
1927,2049.0,4,1,1,1900,Rural,Fair,No
1928,2264.0,1,1,1,1955,Downtown,Excellent,Yes
1929,3145.0,3,3,3,2021,Downtown,Poor,Yes
1930,4216.0,5,3,1,2005,Downtown,Excellent,Yes
1931,4981.0,3,4,3,1901,Downtown,Good,Yes
1932,2793.0,4,3,2,1980,Suburban,Good,No
1933,3208.0,5,2,2,1929,Urban,Poor,No
1934,1400.0,3,3,1,2019,Urban,Good,No
1935,3584.0,4,4,2,2002,Suburban,Excellent,Yes
1936,2509.0,1,4,1,1970,Rural,Excellent,Yes
1937,741.0,4,4,3,1951,Rural,Good,Yes
1938,2885.0,5,3,2,1990,Urban,Poor,No
1939,4768.0,2,3,1,1908,Rural,Excellent,No
1940,1171.0,1,1,2,1921,Urban,Excellent,No
1941,663.0,3,1,2,1933,Urban,Fair,No
1942,964.0,5,2,1,2009,Suburban,Poor,No
1943,3542.0,2,1,2,1948,Rural,Fair,Yes
1944,2942.0,4,2,2,1900,Suburban,Good,No
1945,2855.0,2,4,2,1972,Urban,Good,No
1946,4778.0,5,1,2,1983,Urban,Fair,No
1947,3057.0,5,3,3,1952,Urban,Poor,Yes
1948,1045.0,2,1,2,1982,Downtown,Excellent,No
1949,4335.0,4,2,2,1999,Downtown,Good,No
1950,1093.0,2,1,1,2023,Downtown,Poor,No
1951,4304.0,5,4,3,1939,Suburban,Poor,Yes
1952,1959.0,5,3,1,1944,Urban,Good,Yes
1953,3993.0,3,2,1,1967,Rural,Good,No
1954,3101.0,3,3,1,1908,Suburban,Poor,No
1955,2944.0,1,3,3,2004,Suburban,Excellent,No
1956,3172.0,5,2,1,1921,Suburban,Fair,No
1957,4700.0,3,3,1,1917,Rural,Good,Yes
1958,516.0,2,3,1,1975,Urban,Fair,No
1959,3691.0,4,1,2,2005,Downtown,Poor,Yes
1960,892.0,2,3,1,1942,Urban,Fair,No
1961,924.0,4,3,3,1938,Urban,Excellent,Yes
1962,1071.0,3,3,3,1972,Suburban,Poor,Yes
1963,4131.0,1,3,2,1905,Suburban,Excellent,No
1964,1620.0,2,2,3,1982,Suburban,Poor,Yes
1965,741.0,2,4,3,1947,Downtown,Excellent,No
1966,4397.0,2,1,2,2010,Downtown,Poor,Yes
1967,4595.0,4,3,1,1906,Downtown,Excellent,Yes
1968,2779.0,3,3,2,1979,Urban,Poor,No
1969,1288.0,2,2,1,1968,Suburban,Excellent,No
1970,1214.0,2,4,1,1915,Rural,Poor,Yes
1971,3349.0,1,3,3,1900,Urban,Excellent,Yes
1972,1275.0,1,2,2,2014,Downtown,Good,No
1973,4526.0,3,1,3,1936,Rural,Fair,No
1974,2747.0,3,1,3,2002,Rural,Poor,No
1975,578.0,5,3,1,1982,Suburban,Excellent,Yes
1976,4426.0,1,3,3,2017,Rural,Good,No
1977,1355.0,5,4,2,1936,Downtown,Poor,No
1978,2648.0,4,4,3,1980,Suburban,Poor,Yes
1979,1531.0,5,3,3,1963,Rural,Poor,No
1980,3771.0,2,2,1,1989,Suburban,Fair,No
1981,4076.0,5,4,2,1985,Rural,Excellent,No
1982,4682.0,3,3,3,1961,Urban,Excellent,No
1983,3956.0,4,4,1,1971,Urban,Poor,Yes
1984,4006.0,2,3,3,1960,Downtown,Poor,No
1985,907.0,5,1,2,1932,Urban,Poor,No
1986,3211.0,4,3,3,1965,Urban,Good,No
1987,3588.0,4,1,3,1929,Urban,Poor,No
1988,2168.0,2,4,1,2010,Rural,Fair,No
1989,647.0,5,3,3,1919,Rural,Excellent,No
1990,4827.0,4,4,1,1959,Suburban,Fair,Yes
1991,4397.0,4,1,2,1981,Rural,Poor,Yes
1992,2450.0,1,3,3,2006,Urban,Good,Yes
1993,865.0,4,4,2,2020,Rural,Poor,No
1994,2174.0,1,1,2,1973,Downtown,Poor,No
1995,4994.0,5,4,3,1923,Suburban,Poor,No
1996,3046.0,5,2,1,2019,Suburban,Poor,Yes
1997,1062.0,5,1,2,1903,Rural,Poor,No
1998,4062.0,3,1,2,1936,Urban,Excellent,Yes
1999,2989.0,5,1,3,1903,Suburban,Fair,No
